year,month,day,hour,DE_wind_generation_actual,DE_wind_capacity,DE_wind_speed,DE_temperature,DE_air_density,lag_1,lag_2,lag_3
2020.0,1.0,1.0,3.0,7699.0,50452.0,1.81,-0.493,1.274,7448.0,7371.0,6990.0
2020.0,1.0,1.0,4.0,7703.0,50452.0,1.804,-0.672,1.274,7699.0,7448.0,7371.0
2020.0,1.0,1.0,5.0,7419.0,50452.0,1.806,-0.881,1.275,7703.0,7699.0,7448.0
2020.0,1.0,1.0,6.0,7325.0,50452.0,1.837,-1.107,1.276,7419.0,7703.0,7699.0
2020.0,1.0,1.0,7.0,7257.0,50452.0,1.913,-1.212,1.277,7325.0,7419.0,7703.0
2020.0,1.0,1.0,8.0,7305.0,50452.0,2.284,-0.321,1.276,7257.0,7325.0,7419.0
2020.0,1.0,1.0,9.0,7261.0,50452.0,2.585,0.773,1.274,7305.0,7257.0,7325.0
2020.0,1.0,1.0,10.0,7170.0,50452.0,2.604,1.833,1.27,7261.0,7305.0,7257.0
2020.0,1.0,1.0,11.0,7246.0,50452.0,2.572,2.677,1.265,7170.0,7261.0,7305.0
2020.0,1.0,1.0,12.0,7770.0,50452.0,2.472,3.084,1.262,7246.0,7170.0,7261.0
2020.0,1.0,1.0,13.0,7332.0,50452.0,1.935,2.76,1.26,7770.0,7246.0,7170.0
2020.0,1.0,1.0,14.0,7173.0,50452.0,1.41,0.886,1.261,7332.0,7770.0,7246.0
2020.0,1.0,1.0,15.0,8339.0,50452.0,1.567,-0.874,1.262,7173.0,7332.0,7770.0
2020.0,1.0,1.0,16.0,10374.0,50452.0,1.741,-1.279,1.264,8339.0,7173.0,7332.0
2020.0,1.0,1.0,17.0,12280.0,50452.0,1.913,-1.449,1.267,10374.0,8339.0,7173.0
2020.0,1.0,1.0,18.0,13433.0,50452.0,2.085,-1.566,1.269,12280.0,10374.0,8339.0
2020.0,1.0,1.0,19.0,13881.0,50452.0,2.198,-1.656,1.271,13433.0,12280.0,10374.0
2020.0,1.0,1.0,20.0,14007.0,50452.0,2.243,-1.779,1.272,13881.0,13433.0,12280.0
2020.0,1.0,1.0,21.0,12695.0,50452.0,2.243,-1.927,1.274,14007.0,13881.0,13433.0
2020.0,1.0,1.0,22.0,12244.0,50452.0,2.203,-2.11,1.275,12695.0,14007.0,13881.0
2020.0,1.0,1.0,23.0,12205.0,50452.0,2.115,-2.31,1.276,12244.0,12695.0,14007.0
2020.0,1.0,2.0,0.0,11804.0,50452.0,2.04,-2.495,1.277,12205.0,12244.0,12695.0
2020.0,1.0,2.0,1.0,11759.0,50452.0,2.056,-2.635,1.278,11804.0,12205.0,12244.0
2020.0,1.0,2.0,2.0,11417.0,50452.0,2.11,-2.759,1.278,11759.0,11804.0,12205.0
2020.0,1.0,2.0,3.0,11545.0,50452.0,2.201,-2.854,1.279,11417.0,11759.0,11804.0
2020.0,1.0,2.0,4.0,12064.0,50452.0,2.272,-2.93,1.279,11545.0,11417.0,11759.0
2020.0,1.0,2.0,5.0,13275.0,50452.0,2.343,-3.003,1.279,12064.0,11545.0,11417.0
2020.0,1.0,2.0,6.0,14177.0,50452.0,2.422,-3.052,1.28,13275.0,12064.0,11545.0
2020.0,1.0,2.0,7.0,14316.0,50452.0,2.498,-2.965,1.28,14177.0,13275.0,12064.0
2020.0,1.0,2.0,8.0,14811.0,50452.0,2.885,-1.932,1.279,14316.0,14177.0,13275.0
2020.0,1.0,2.0,9.0,14729.0,50452.0,3.107,-0.771,1.276,14811.0,14316.0,14177.0
2020.0,1.0,2.0,10.0,14167.0,50452.0,3.179,0.419,1.27,14729.0,14811.0,14316.0
2020.0,1.0,2.0,11.0,13409.0,50452.0,3.196,1.369,1.265,14167.0,14729.0,14811.0
2020.0,1.0,2.0,12.0,13451.0,50452.0,3.067,1.846,1.26,13409.0,14167.0,14729.0
2020.0,1.0,2.0,13.0,14317.0,50452.0,2.628,1.523,1.259,13451.0,13409.0,14167.0
2020.0,1.0,2.0,14.0,15681.0,50452.0,2.207,0.28,1.259,14317.0,13451.0,13409.0
2020.0,1.0,2.0,15.0,17256.0,50452.0,2.265,-0.705,1.26,15681.0,14317.0,13451.0
2020.0,1.0,2.0,16.0,19502.0,50452.0,2.577,-0.747,1.262,17256.0,15681.0,14317.0
2020.0,1.0,2.0,17.0,21580.0,50452.0,2.782,-0.725,1.263,19502.0,17256.0,15681.0
2020.0,1.0,2.0,18.0,22909.0,50452.0,2.962,-0.682,1.263,21580.0,19502.0,17256.0
2020.0,1.0,2.0,19.0,23673.0,50452.0,3.087,-0.612,1.263,22909.0,21580.0,19502.0
2020.0,1.0,2.0,20.0,24353.0,50452.0,3.223,-0.506,1.263,23673.0,22909.0,21580.0
2020.0,1.0,2.0,21.0,24307.0,50452.0,3.337,-0.345,1.262,24353.0,23673.0,22909.0
2020.0,1.0,2.0,22.0,24562.0,50452.0,3.434,-0.148,1.261,24307.0,24353.0,23673.0
2020.0,1.0,2.0,23.0,25711.0,50452.0,3.493,0.009,1.259,24562.0,24307.0,24353.0
2020.0,1.0,3.0,0.0,27081.0,50452.0,3.586,0.184,1.258,25711.0,24562.0,24307.0
2020.0,1.0,3.0,1.0,27810.0,50452.0,3.691,0.371,1.256,27081.0,25711.0,24562.0
2020.0,1.0,3.0,2.0,28716.0,50452.0,3.757,0.53,1.255,27810.0,27081.0,25711.0
2020.0,1.0,3.0,3.0,29828.0,50452.0,3.843,0.718,1.253,28716.0,27810.0,27081.0
2020.0,1.0,3.0,4.0,30812.0,50452.0,3.954,0.934,1.251,29828.0,28716.0,27810.0
2020.0,1.0,3.0,5.0,32454.0,50452.0,4.061,1.16,1.25,30812.0,29828.0,28716.0
2020.0,1.0,3.0,6.0,33213.0,50452.0,4.137,1.399,1.248,32454.0,30812.0,29828.0
2020.0,1.0,3.0,7.0,33355.0,50452.0,4.182,1.689,1.247,33213.0,32454.0,30812.0
2020.0,1.0,3.0,8.0,32772.0,50452.0,4.324,2.388,1.245,33355.0,33213.0,32454.0
2020.0,1.0,3.0,9.0,32907.0,50452.0,4.419,3.181,1.242,32772.0,33355.0,33213.0
2020.0,1.0,3.0,10.0,32961.0,50452.0,4.484,3.839,1.239,32907.0,32772.0,33355.0
2020.0,1.0,3.0,11.0,31586.0,50452.0,4.521,4.292,1.236,32961.0,32907.0,32772.0
2020.0,1.0,3.0,12.0,31950.0,50452.0,4.565,4.524,1.233,31586.0,32961.0,32907.0
2020.0,1.0,3.0,13.0,32446.0,50452.0,4.5,4.506,1.232,31950.0,31586.0,32961.0
2020.0,1.0,3.0,14.0,32488.0,50452.0,4.464,4.311,1.232,32446.0,31950.0,31586.0
2020.0,1.0,3.0,15.0,33825.0,50452.0,4.637,4.186,1.232,32488.0,32446.0,31950.0
2020.0,1.0,3.0,16.0,34639.0,50452.0,4.784,4.206,1.232,33825.0,32488.0,32446.0
2020.0,1.0,3.0,17.0,35896.0,50452.0,4.819,4.198,1.233,34639.0,33825.0,32488.0
2020.0,1.0,3.0,18.0,35539.0,50452.0,4.684,4.093,1.235,35896.0,34639.0,33825.0
2020.0,1.0,3.0,19.0,34598.0,50452.0,4.487,3.889,1.236,35539.0,35896.0,34639.0
2020.0,1.0,3.0,20.0,33598.0,50452.0,4.415,3.706,1.238,34598.0,35539.0,35896.0
2020.0,1.0,3.0,21.0,32940.0,50452.0,4.348,3.477,1.24,33598.0,34598.0,35539.0
2020.0,1.0,3.0,22.0,32400.0,50452.0,4.222,3.138,1.243,32940.0,33598.0,34598.0
2020.0,1.0,3.0,23.0,31700.0,50452.0,4.044,2.767,1.245,32400.0,32940.0,33598.0
2020.0,1.0,4.0,0.0,30531.0,50452.0,3.916,2.406,1.248,31700.0,32400.0,32940.0
2020.0,1.0,4.0,1.0,29253.0,50452.0,3.893,2.095,1.25,30531.0,31700.0,32400.0
2020.0,1.0,4.0,2.0,29014.0,50452.0,3.998,1.892,1.252,29253.0,30531.0,31700.0
2020.0,1.0,4.0,3.0,30346.0,50452.0,4.027,1.767,1.253,29014.0,29253.0,30531.0
2020.0,1.0,4.0,4.0,32173.0,50452.0,3.978,1.614,1.254,30346.0,29014.0,29253.0
2020.0,1.0,4.0,5.0,34328.0,50452.0,4.086,1.537,1.255,32173.0,30346.0,29014.0
2020.0,1.0,4.0,6.0,35315.0,50452.0,4.381,1.584,1.255,34328.0,32173.0,30346.0
2020.0,1.0,4.0,7.0,36285.0,50452.0,4.702,1.709,1.255,35315.0,34328.0,32173.0
2020.0,1.0,4.0,8.0,37766.0,50452.0,5.185,2.204,1.253,36285.0,35315.0,34328.0
2020.0,1.0,4.0,9.0,38734.0,50452.0,5.57,2.77,1.251,37766.0,36285.0,35315.0
2020.0,1.0,4.0,10.0,39913.0,50452.0,5.872,3.248,1.249,38734.0,37766.0,36285.0
2020.0,1.0,4.0,11.0,40612.0,50452.0,6.09,3.603,1.247,39913.0,38734.0,37766.0
2020.0,1.0,4.0,12.0,40519.0,50452.0,6.107,3.794,1.245,40612.0,39913.0,38734.0
2020.0,1.0,4.0,13.0,39771.0,50452.0,5.908,3.74,1.245,40519.0,40612.0,39913.0
2020.0,1.0,4.0,14.0,38176.0,50452.0,5.571,3.4,1.246,39771.0,40519.0,40612.0
2020.0,1.0,4.0,15.0,37629.0,50452.0,5.336,2.94,1.248,38176.0,39771.0,40519.0
2020.0,1.0,4.0,16.0,36334.0,50452.0,5.205,2.692,1.25,37629.0,38176.0,39771.0
2020.0,1.0,4.0,17.0,34320.0,50452.0,4.993,2.475,1.252,36334.0,37629.0,38176.0
2020.0,1.0,4.0,18.0,31588.0,50452.0,4.745,2.223,1.254,34320.0,36334.0,37629.0
2020.0,1.0,4.0,19.0,28887.0,50452.0,4.447,1.95,1.256,31588.0,34320.0,36334.0
2020.0,1.0,4.0,20.0,25245.0,50452.0,4.049,1.635,1.258,28887.0,31588.0,34320.0
2020.0,1.0,4.0,21.0,21628.0,50452.0,3.69,1.285,1.26,25245.0,28887.0,31588.0
2020.0,1.0,4.0,22.0,19118.0,50452.0,3.406,1.012,1.262,21628.0,25245.0,28887.0
2020.0,1.0,4.0,23.0,16804.0,50452.0,3.165,0.787,1.263,19118.0,21628.0,25245.0
2020.0,1.0,5.0,0.0,14950.0,50452.0,2.93,0.599,1.265,16804.0,19118.0,21628.0
2020.0,1.0,5.0,1.0,13369.0,50452.0,2.733,0.423,1.267,14950.0,16804.0,19118.0
2020.0,1.0,5.0,2.0,12296.0,50452.0,2.536,0.246,1.268,13369.0,14950.0,16804.0
2020.0,1.0,5.0,3.0,11558.0,50452.0,2.299,0.061,1.269,12296.0,13369.0,14950.0
2020.0,1.0,5.0,4.0,11256.0,50452.0,2.116,-0.068,1.27,11558.0,12296.0,13369.0
2020.0,1.0,5.0,5.0,10818.0,50452.0,1.936,-0.148,1.272,11256.0,11558.0,12296.0
2020.0,1.0,5.0,6.0,10331.0,50452.0,1.804,-0.145,1.273,10818.0,11256.0,11558.0
2020.0,1.0,5.0,7.0,9880.0,50452.0,1.776,-0.037,1.274,10331.0,10818.0,11256.0
2020.0,1.0,5.0,8.0,9696.0,50452.0,2.038,0.653,1.273,9880.0,10331.0,10818.0
2020.0,1.0,5.0,9.0,9442.0,50452.0,2.149,1.567,1.271,9696.0,9880.0,10331.0
2020.0,1.0,5.0,10.0,9764.0,50452.0,2.207,2.549,1.267,9442.0,9696.0,9880.0
2020.0,1.0,5.0,11.0,9797.0,50452.0,2.281,3.322,1.263,9764.0,9442.0,9696.0
2020.0,1.0,5.0,12.0,10098.0,50452.0,2.274,3.714,1.26,9797.0,9764.0,9442.0
2020.0,1.0,5.0,13.0,10643.0,50452.0,1.947,3.597,1.258,10098.0,9797.0,9764.0
2020.0,1.0,5.0,14.0,11728.0,50452.0,1.579,2.506,1.258,10643.0,10098.0,9797.0
2020.0,1.0,5.0,15.0,13574.0,50452.0,1.783,1.544,1.259,11728.0,10643.0,10098.0
2020.0,1.0,5.0,16.0,15388.0,50452.0,2.014,1.459,1.26,13574.0,11728.0,10643.0
2020.0,1.0,5.0,17.0,16409.0,50452.0,2.132,1.416,1.26,15388.0,13574.0,11728.0
2020.0,1.0,5.0,18.0,16529.0,50452.0,2.212,1.349,1.261,16409.0,15388.0,13574.0
2020.0,1.0,5.0,19.0,17408.0,50452.0,2.301,1.31,1.262,16529.0,16409.0,15388.0
2020.0,1.0,5.0,20.0,18034.0,50452.0,2.366,1.24,1.262,17408.0,16529.0,16409.0
2020.0,1.0,5.0,21.0,17972.0,50452.0,2.372,1.096,1.262,18034.0,17408.0,16529.0
2020.0,1.0,5.0,22.0,17879.0,50452.0,2.414,0.989,1.263,17972.0,18034.0,17408.0
2020.0,1.0,5.0,23.0,18220.0,50452.0,2.427,0.895,1.263,17879.0,17972.0,18034.0
2020.0,1.0,6.0,0.0,17650.0,50452.0,2.434,0.817,1.263,18220.0,17879.0,17972.0
2020.0,1.0,6.0,1.0,17206.0,50452.0,2.387,0.722,1.263,17650.0,18220.0,17879.0
2020.0,1.0,6.0,2.0,16840.0,50452.0,2.369,0.649,1.263,17206.0,17650.0,18220.0
2020.0,1.0,6.0,3.0,16761.0,50452.0,2.324,0.571,1.263,16840.0,17206.0,17650.0
2020.0,1.0,6.0,4.0,16325.0,50452.0,2.279,0.494,1.263,16761.0,16840.0,17206.0
2020.0,1.0,6.0,5.0,15553.0,50452.0,2.233,0.389,1.263,16325.0,16761.0,16840.0
2020.0,1.0,6.0,6.0,14578.0,50452.0,2.198,0.248,1.263,15553.0,16325.0,16761.0
2020.0,1.0,6.0,7.0,13883.0,50452.0,2.264,0.28,1.264,14578.0,15553.0,16325.0
2020.0,1.0,6.0,8.0,13821.0,50452.0,2.638,1.201,1.263,13883.0,14578.0,15553.0
2020.0,1.0,6.0,9.0,13754.0,50452.0,2.831,2.199,1.26,13821.0,13883.0,14578.0
2020.0,1.0,6.0,10.0,13089.0,50452.0,2.904,3.182,1.256,13754.0,13821.0,13883.0
2020.0,1.0,6.0,11.0,13107.0,50452.0,2.919,3.949,1.252,13089.0,13754.0,13821.0
2020.0,1.0,6.0,12.0,13011.0,50452.0,2.831,4.292,1.248,13107.0,13089.0,13754.0
2020.0,1.0,6.0,13.0,12796.0,50452.0,2.41,4.032,1.247,13011.0,13107.0,13089.0
2020.0,1.0,6.0,14.0,12922.0,50452.0,1.695,2.477,1.248,12796.0,13011.0,13107.0
2020.0,1.0,6.0,15.0,14651.0,50452.0,1.728,0.578,1.249,12922.0,12796.0,13011.0
2020.0,1.0,6.0,16.0,16619.0,50452.0,2.077,0.132,1.251,14651.0,12922.0,12796.0
2020.0,1.0,6.0,17.0,18178.0,50452.0,2.395,-0.09,1.254,16619.0,14651.0,12922.0
2020.0,1.0,6.0,18.0,19162.0,50452.0,2.648,-0.336,1.256,18178.0,16619.0,14651.0
2020.0,1.0,6.0,19.0,20190.0,50452.0,2.818,-0.586,1.258,19162.0,18178.0,16619.0
2020.0,1.0,6.0,20.0,21022.0,50452.0,2.933,-0.81,1.259,20190.0,19162.0,18178.0
2020.0,1.0,6.0,21.0,21364.0,50452.0,2.983,-0.947,1.26,21022.0,20190.0,19162.0
2020.0,1.0,6.0,22.0,21698.0,50452.0,3.0,-1.031,1.261,21364.0,21022.0,20190.0
2020.0,1.0,6.0,23.0,22185.0,50452.0,3.027,-1.024,1.261,21698.0,21364.0,21022.0
2020.0,1.0,7.0,0.0,21714.0,50452.0,3.039,-0.91,1.261,22185.0,21698.0,21364.0
2020.0,1.0,7.0,1.0,21364.0,50452.0,3.066,-0.717,1.261,21714.0,22185.0,21698.0
2020.0,1.0,7.0,2.0,21596.0,50452.0,3.086,-0.467,1.26,21364.0,21714.0,22185.0
2020.0,1.0,7.0,3.0,21513.0,50452.0,3.155,-0.161,1.259,21596.0,21364.0,21714.0
2020.0,1.0,7.0,4.0,21210.0,50452.0,3.186,0.154,1.258,21513.0,21596.0,21364.0
2020.0,1.0,7.0,5.0,20583.0,50452.0,3.19,0.487,1.258,21210.0,21513.0,21596.0
2020.0,1.0,7.0,6.0,19348.0,50452.0,3.152,0.798,1.257,20583.0,21210.0,21513.0
2020.0,1.0,7.0,7.0,17323.0,50452.0,3.07,1.17,1.257,19348.0,20583.0,21210.0
2020.0,1.0,7.0,8.0,14462.0,50452.0,3.104,1.856,1.255,17323.0,19348.0,20583.0
2020.0,1.0,7.0,9.0,12988.0,50452.0,3.11,2.56,1.254,14462.0,17323.0,19348.0
2020.0,1.0,7.0,10.0,12281.0,50452.0,3.116,3.209,1.252,12988.0,14462.0,17323.0
2020.0,1.0,7.0,11.0,14285.0,50452.0,3.127,3.726,1.25,12281.0,12988.0,14462.0
2020.0,1.0,7.0,12.0,15963.0,50452.0,3.034,4.026,1.248,14285.0,12281.0,12988.0
2020.0,1.0,7.0,13.0,16664.0,50452.0,2.741,3.987,1.247,15963.0,14285.0,12281.0
2020.0,1.0,7.0,14.0,17020.0,50452.0,2.358,3.411,1.248,16664.0,15963.0,14285.0
2020.0,1.0,7.0,15.0,18291.0,50452.0,2.276,2.602,1.249,17020.0,16664.0,15963.0
2020.0,1.0,7.0,16.0,20818.0,50452.0,2.39,2.417,1.249,18291.0,17020.0,16664.0
2020.0,1.0,7.0,17.0,22988.0,50452.0,2.554,2.309,1.25,20818.0,18291.0,17020.0
2020.0,1.0,7.0,18.0,24885.0,50452.0,2.746,2.097,1.251,22988.0,20818.0,18291.0
2020.0,1.0,7.0,19.0,26634.0,50452.0,2.987,1.899,1.252,24885.0,22988.0,20818.0
2020.0,1.0,7.0,20.0,27657.0,50452.0,3.26,1.737,1.253,26634.0,24885.0,22988.0
2020.0,1.0,7.0,21.0,27644.0,50452.0,3.386,1.559,1.254,27657.0,26634.0,24885.0
2020.0,1.0,7.0,22.0,28624.0,50452.0,3.505,1.423,1.255,27644.0,27657.0,26634.0
2020.0,1.0,7.0,23.0,29880.0,50452.0,3.636,1.334,1.255,28624.0,27644.0,27657.0
2020.0,1.0,8.0,3.0,30875.0,50452.0,4.052,1.464,1.254,31262.0,31307.0,30794.0
2020.0,1.0,8.0,4.0,30829.0,50452.0,4.155,1.651,1.253,30875.0,31262.0,31307.0
2020.0,1.0,8.0,5.0,30874.0,50452.0,4.241,1.96,1.251,30829.0,30875.0,31262.0
2020.0,1.0,8.0,6.0,31355.0,50452.0,4.196,2.289,1.25,30874.0,30829.0,30875.0
2020.0,1.0,8.0,7.0,31339.0,50452.0,4.15,2.702,1.249,31355.0,30874.0,30829.0
2020.0,1.0,8.0,8.0,31372.0,50452.0,4.172,3.458,1.246,31339.0,31355.0,30874.0
2020.0,1.0,8.0,9.0,30972.0,50452.0,4.192,4.248,1.244,31372.0,31339.0,31355.0
2020.0,1.0,8.0,10.0,29808.0,50452.0,4.179,4.998,1.241,30972.0,31372.0,31339.0
2020.0,1.0,8.0,11.0,27931.0,50452.0,4.114,5.599,1.237,29808.0,30972.0,31372.0
2020.0,1.0,8.0,12.0,25815.0,50452.0,3.91,5.942,1.235,27931.0,29808.0,30972.0
2020.0,1.0,8.0,13.0,23420.0,50452.0,3.613,5.947,1.233,25815.0,27931.0,29808.0
2020.0,1.0,8.0,14.0,20539.0,50452.0,3.324,5.62,1.233,23420.0,25815.0,27931.0
2020.0,1.0,8.0,15.0,17753.0,50452.0,3.122,5.253,1.234,20539.0,23420.0,25815.0
2020.0,1.0,8.0,16.0,15655.0,50452.0,3.007,5.192,1.234,17753.0,20539.0,23420.0
2020.0,1.0,8.0,17.0,14432.0,50452.0,2.858,5.158,1.235,15655.0,17753.0,20539.0
2020.0,1.0,8.0,18.0,13595.0,50452.0,2.673,5.099,1.235,14432.0,15655.0,17753.0
2020.0,1.0,8.0,19.0,12676.0,50452.0,2.497,5.018,1.235,13595.0,14432.0,15655.0
2020.0,1.0,8.0,20.0,11579.0,50452.0,2.374,4.926,1.236,12676.0,13595.0,14432.0
2020.0,1.0,8.0,21.0,10244.0,50452.0,2.233,4.858,1.236,11579.0,12676.0,13595.0
2020.0,1.0,8.0,22.0,8789.0,50452.0,2.112,4.798,1.236,10244.0,11579.0,12676.0
2020.0,1.0,8.0,23.0,7548.0,50452.0,2.041,4.761,1.235,8789.0,10244.0,11579.0
2020.0,1.0,9.0,0.0,6802.0,50452.0,2.003,4.744,1.235,7548.0,8789.0,10244.0
2020.0,1.0,9.0,1.0,6893.0,50452.0,2.032,4.736,1.235,6802.0,7548.0,8789.0
2020.0,1.0,9.0,2.0,7806.0,50452.0,2.119,4.744,1.234,6893.0,6802.0,7548.0
2020.0,1.0,9.0,3.0,9288.0,50452.0,2.228,4.76,1.234,7806.0,6893.0,6802.0
2020.0,1.0,9.0,4.0,11145.0,50452.0,2.371,4.772,1.233,9288.0,7806.0,6893.0
2020.0,1.0,9.0,5.0,13957.0,50452.0,2.587,4.794,1.232,11145.0,9288.0,7806.0
2020.0,1.0,9.0,6.0,17524.0,50452.0,2.889,4.869,1.231,13957.0,11145.0,9288.0
2020.0,1.0,9.0,7.0,21712.0,50452.0,3.222,5.028,1.23,17524.0,13957.0,11145.0
2020.0,1.0,9.0,8.0,25768.0,50452.0,3.631,5.53,1.228,21712.0,17524.0,13957.0
2020.0,1.0,9.0,9.0,28251.0,50452.0,3.879,6.242,1.225,25768.0,21712.0,17524.0
2020.0,1.0,9.0,10.0,30080.0,50452.0,3.982,6.925,1.222,28251.0,25768.0,21712.0
2020.0,1.0,9.0,11.0,31445.0,50452.0,4.014,7.44,1.218,30080.0,28251.0,25768.0
2020.0,1.0,9.0,12.0,32317.0,50452.0,3.996,7.718,1.215,31445.0,30080.0,28251.0
2020.0,1.0,9.0,13.0,31792.0,50452.0,3.975,7.735,1.213,32317.0,31445.0,30080.0
2020.0,1.0,9.0,14.0,31648.0,50452.0,3.983,7.522,1.212,31792.0,32317.0,31445.0
2020.0,1.0,9.0,15.0,30784.0,50452.0,3.954,7.187,1.211,31648.0,31792.0,32317.0
2020.0,1.0,9.0,16.0,30107.0,50452.0,3.979,7.069,1.211,30784.0,31648.0,31792.0
2020.0,1.0,9.0,17.0,29558.0,50452.0,3.923,6.968,1.211,30107.0,30784.0,31648.0
2020.0,1.0,9.0,18.0,28557.0,50452.0,3.89,6.888,1.211,29558.0,30107.0,30784.0
2020.0,1.0,9.0,19.0,27485.0,50452.0,3.826,6.804,1.211,28557.0,29558.0,30107.0
2020.0,1.0,9.0,20.0,25139.0,50452.0,3.703,6.682,1.212,27485.0,28557.0,29558.0
2020.0,1.0,9.0,21.0,22455.0,50452.0,3.6,6.56,1.212,25139.0,27485.0,28557.0
2020.0,1.0,9.0,22.0,21734.0,50452.0,3.55,6.451,1.212,22455.0,25139.0,27485.0
2020.0,1.0,9.0,23.0,21381.0,50452.0,3.573,6.368,1.212,21734.0,22455.0,25139.0
2020.0,1.0,10.0,0.0,21969.0,50452.0,3.618,6.284,1.213,21381.0,21734.0,22455.0
2020.0,1.0,10.0,1.0,23066.0,50452.0,3.633,6.18,1.214,21969.0,21381.0,21734.0
2020.0,1.0,10.0,2.0,23605.0,50452.0,3.62,6.052,1.215,23066.0,21969.0,21381.0
2020.0,1.0,10.0,3.0,23621.0,50452.0,3.644,5.924,1.216,23605.0,23066.0,21969.0
2020.0,1.0,10.0,4.0,24625.0,50452.0,3.663,5.82,1.218,23621.0,23605.0,23066.0
2020.0,1.0,10.0,5.0,26690.0,50452.0,3.618,5.692,1.219,24625.0,23621.0,23605.0
2020.0,1.0,10.0,6.0,27047.0,50452.0,3.622,5.551,1.22,26690.0,24625.0,23621.0
2020.0,1.0,10.0,7.0,27219.0,50452.0,3.723,5.535,1.221,27047.0,26690.0,24625.0
2020.0,1.0,10.0,8.0,27037.0,50452.0,3.966,6.128,1.222,27219.0,27047.0,26690.0
2020.0,1.0,10.0,9.0,26884.0,50452.0,4.181,6.872,1.221,27037.0,27219.0,27047.0
2020.0,1.0,10.0,10.0,27411.0,50452.0,4.387,7.578,1.219,26884.0,27037.0,27219.0
2020.0,1.0,10.0,11.0,28915.0,50452.0,4.624,8.039,1.218,27411.0,26884.0,27037.0
2020.0,1.0,10.0,12.0,28809.0,50452.0,4.628,8.112,1.217,28915.0,27411.0,26884.0
2020.0,1.0,10.0,13.0,28628.0,50452.0,4.333,7.699,1.219,28809.0,28915.0,27411.0
2020.0,1.0,10.0,14.0,29110.0,50452.0,3.955,6.673,1.222,28628.0,28809.0,28915.0
2020.0,1.0,10.0,15.0,30489.0,50452.0,3.745,5.453,1.226,29110.0,28628.0,28809.0
2020.0,1.0,10.0,16.0,29772.0,50452.0,3.912,5.003,1.23,30489.0,29110.0,28628.0
2020.0,1.0,10.0,17.0,27470.0,50452.0,3.979,4.688,1.234,29772.0,30489.0,29110.0
2020.0,1.0,10.0,18.0,24401.0,50452.0,3.954,4.364,1.237,27470.0,29772.0,30489.0
2020.0,1.0,10.0,19.0,23246.0,50452.0,3.785,3.994,1.241,24401.0,27470.0,29772.0
2020.0,1.0,10.0,20.0,22157.0,50452.0,3.641,3.646,1.244,23246.0,24401.0,27470.0
2020.0,1.0,10.0,21.0,19886.0,50452.0,3.456,3.291,1.247,22157.0,23246.0,24401.0
2020.0,1.0,10.0,22.0,18813.0,50452.0,3.289,2.945,1.25,19886.0,22157.0,23246.0
2020.0,1.0,10.0,23.0,18139.0,50452.0,3.153,2.646,1.252,18813.0,19886.0,22157.0
2020.0,1.0,11.0,0.0,16677.0,50452.0,3.018,2.391,1.254,18139.0,18813.0,19886.0
2020.0,1.0,11.0,1.0,16146.0,50452.0,2.886,2.158,1.256,16677.0,18139.0,18813.0
2020.0,1.0,11.0,2.0,16596.0,50452.0,2.816,1.974,1.258,16146.0,16677.0,18139.0
2020.0,1.0,11.0,3.0,16796.0,50452.0,2.713,1.846,1.26,16596.0,16146.0,16677.0
2020.0,1.0,11.0,4.0,16842.0,50452.0,2.561,1.669,1.261,16796.0,16596.0,16146.0
2020.0,1.0,11.0,5.0,17892.0,50452.0,2.381,1.426,1.262,16842.0,16796.0,16596.0
2020.0,1.0,11.0,6.0,16644.0,50452.0,2.258,1.2,1.263,17892.0,16842.0,16796.0
2020.0,1.0,11.0,7.0,16692.0,50452.0,2.224,1.165,1.265,16644.0,17892.0,16842.0
2020.0,1.0,11.0,8.0,17014.0,50452.0,2.54,1.887,1.265,16692.0,16644.0,17892.0
2020.0,1.0,11.0,9.0,17440.0,50452.0,2.734,2.683,1.263,17014.0,16692.0,16644.0
2020.0,1.0,11.0,10.0,18410.0,50452.0,2.949,3.624,1.259,17440.0,17014.0,16692.0
2020.0,1.0,11.0,11.0,19762.0,50452.0,3.177,4.402,1.255,18410.0,17440.0,17014.0
2020.0,1.0,11.0,12.0,21438.0,50452.0,3.302,4.758,1.252,19762.0,18410.0,17440.0
2020.0,1.0,11.0,13.0,22344.0,50452.0,3.165,4.632,1.25,21438.0,19762.0,18410.0
2020.0,1.0,11.0,14.0,22826.0,50452.0,2.711,3.691,1.251,22344.0,21438.0,19762.0
2020.0,1.0,11.0,15.0,24519.0,50452.0,2.714,2.466,1.252,22826.0,22344.0,21438.0
2020.0,1.0,11.0,16.0,26407.0,50452.0,2.874,2.001,1.253,24519.0,22826.0,22344.0
2020.0,1.0,11.0,17.0,27980.0,50452.0,3.035,1.621,1.254,26407.0,24519.0,22826.0
2020.0,1.0,11.0,18.0,28840.0,50452.0,3.199,1.211,1.255,27980.0,26407.0,24519.0
2020.0,1.0,11.0,19.0,29948.0,50452.0,3.318,0.858,1.256,28840.0,27980.0,26407.0
2020.0,1.0,11.0,20.0,30077.0,50452.0,3.384,0.585,1.257,29948.0,28840.0,27980.0
2020.0,1.0,11.0,21.0,29160.0,50452.0,3.421,0.36,1.258,30077.0,29948.0,28840.0
2020.0,1.0,11.0,22.0,29303.0,50452.0,3.44,0.151,1.259,29160.0,30077.0,29948.0
2020.0,1.0,11.0,23.0,29040.0,50452.0,3.471,-0.008,1.259,29303.0,29160.0,30077.0
2020.0,1.0,12.0,0.0,28793.0,50452.0,3.486,-0.122,1.259,29040.0,29303.0,29160.0
2020.0,1.0,12.0,1.0,28790.0,50452.0,3.549,-0.173,1.26,28793.0,29040.0,29303.0
2020.0,1.0,12.0,2.0,29181.0,50452.0,3.61,-0.232,1.26,28790.0,28793.0,29040.0
2020.0,1.0,12.0,3.0,29428.0,50452.0,3.673,-0.292,1.26,29181.0,28790.0,28793.0
2020.0,1.0,12.0,4.0,29781.0,50452.0,3.728,-0.368,1.26,29428.0,29181.0,28790.0
2020.0,1.0,12.0,5.0,30759.0,50452.0,3.849,-0.361,1.261,29781.0,29428.0,29181.0
2020.0,1.0,12.0,6.0,31461.0,50452.0,3.942,-0.317,1.261,30759.0,29781.0,29428.0
2020.0,1.0,12.0,7.0,31838.0,50452.0,4.095,-0.019,1.26,31461.0,30759.0,29781.0
2020.0,1.0,12.0,8.0,32147.0,50452.0,4.461,0.99,1.258,31838.0,31461.0,30759.0
2020.0,1.0,12.0,9.0,32981.0,50452.0,4.676,2.035,1.255,32147.0,31838.0,31461.0
2020.0,1.0,12.0,10.0,32931.0,50452.0,5.03,3.029,1.25,32981.0,32147.0,31838.0
2020.0,1.0,12.0,11.0,33827.0,50452.0,5.196,3.678,1.246,32931.0,32981.0,32147.0
2020.0,1.0,12.0,12.0,33912.0,50452.0,5.087,3.927,1.244,33827.0,32931.0,32981.0
2020.0,1.0,12.0,13.0,34245.0,50452.0,4.757,3.774,1.243,33912.0,33827.0,32931.0
2020.0,1.0,12.0,14.0,34458.0,50452.0,4.322,3.133,1.243,34245.0,33912.0,33827.0
2020.0,1.0,12.0,15.0,35211.0,50452.0,4.258,2.47,1.244,34458.0,34245.0,33912.0
2020.0,1.0,12.0,16.0,36078.0,50452.0,4.425,2.404,1.245,35211.0,34458.0,34245.0
2020.0,1.0,12.0,17.0,35989.0,50452.0,4.589,2.54,1.245,36078.0,35211.0,34458.0
2020.0,1.0,12.0,18.0,36022.0,50452.0,4.625,2.707,1.245,35989.0,36078.0,35211.0
2020.0,1.0,12.0,19.0,36223.0,50452.0,4.568,2.834,1.244,36022.0,35989.0,36078.0
2020.0,1.0,12.0,20.0,36009.0,50452.0,4.477,2.916,1.244,36223.0,36022.0,35989.0
2020.0,1.0,12.0,21.0,33648.0,50452.0,4.38,2.997,1.244,36009.0,36223.0,36022.0
2020.0,1.0,12.0,22.0,31003.0,50452.0,4.206,3.071,1.244,33648.0,36009.0,36223.0
2020.0,1.0,12.0,23.0,27594.0,50452.0,3.918,3.107,1.244,31003.0,33648.0,36009.0
2020.0,1.0,13.0,0.0,24835.0,50452.0,3.566,3.121,1.244,27594.0,31003.0,33648.0
2020.0,1.0,13.0,1.0,21480.0,50452.0,3.193,3.095,1.244,24835.0,27594.0,31003.0
2020.0,1.0,13.0,2.0,18633.0,50452.0,2.92,3.049,1.244,21480.0,24835.0,27594.0
2020.0,1.0,13.0,3.0,17029.0,50452.0,2.695,2.962,1.244,18633.0,21480.0,24835.0
2020.0,1.0,13.0,4.0,16251.0,50452.0,2.583,2.895,1.245,17029.0,18633.0,21480.0
2020.0,1.0,13.0,5.0,15570.0,50452.0,2.539,2.845,1.245,16251.0,17029.0,18633.0
2020.0,1.0,13.0,6.0,14826.0,50452.0,2.526,2.806,1.245,15570.0,16251.0,17029.0
2020.0,1.0,13.0,7.0,15111.0,50452.0,2.553,2.861,1.245,14826.0,15570.0,16251.0
2020.0,1.0,13.0,8.0,14272.0,50452.0,2.765,3.277,1.244,15111.0,14826.0,15570.0
2020.0,1.0,13.0,9.0,13816.0,50452.0,2.901,3.813,1.243,14272.0,15111.0,14826.0
2020.0,1.0,13.0,10.0,13520.0,50452.0,2.955,4.389,1.24,13816.0,14272.0,15111.0
2020.0,1.0,13.0,11.0,13180.0,50452.0,3.003,4.89,1.237,13520.0,13816.0,14272.0
2020.0,1.0,13.0,12.0,12627.0,50452.0,2.951,5.179,1.234,13180.0,13520.0,13816.0
2020.0,1.0,13.0,13.0,12472.0,50452.0,2.696,5.096,1.233,12627.0,13180.0,13520.0
2020.0,1.0,13.0,14.0,12721.0,50452.0,2.365,4.438,1.232,12472.0,12627.0,13180.0
2020.0,1.0,13.0,15.0,14520.0,50452.0,2.383,3.489,1.233,12721.0,12472.0,12627.0
2020.0,1.0,13.0,16.0,17998.0,50452.0,2.687,3.163,1.234,14520.0,12721.0,12472.0
2020.0,1.0,13.0,17.0,21564.0,50452.0,2.915,2.928,1.235,17998.0,14520.0,12721.0
2020.0,1.0,13.0,18.0,24240.0,50452.0,3.109,2.65,1.235,21564.0,17998.0,14520.0
2020.0,1.0,13.0,19.0,26625.0,50452.0,3.336,2.404,1.236,24240.0,21564.0,17998.0
2020.0,1.0,13.0,20.0,28635.0,50452.0,3.567,2.2,1.236,26625.0,24240.0,21564.0
2020.0,1.0,13.0,21.0,29192.0,50452.0,3.768,2.12,1.237,28635.0,26625.0,24240.0
2020.0,1.0,13.0,22.0,31137.0,50452.0,3.969,2.097,1.236,29192.0,28635.0,26625.0
2020.0,1.0,13.0,23.0,32353.0,50452.0,4.138,2.103,1.236,31137.0,29192.0,28635.0
2020.0,1.0,14.0,0.0,34308.0,50452.0,4.259,2.114,1.235,32353.0,31137.0,29192.0
2020.0,1.0,14.0,1.0,36105.0,50452.0,4.417,2.199,1.234,34308.0,32353.0,31137.0
2020.0,1.0,14.0,2.0,37279.0,50452.0,4.56,2.341,1.233,36105.0,34308.0,32353.0
2020.0,1.0,14.0,3.0,37523.0,50452.0,4.678,2.478,1.232,37279.0,36105.0,34308.0
2020.0,1.0,14.0,4.0,38566.0,50452.0,4.825,2.575,1.231,37523.0,37279.0,36105.0
2020.0,1.0,14.0,5.0,40865.0,50452.0,4.943,2.596,1.23,38566.0,37523.0,37279.0
2020.0,1.0,14.0,6.0,41069.0,50452.0,5.056,2.573,1.23,40865.0,38566.0,37523.0
2020.0,1.0,14.0,7.0,40811.0,50452.0,5.185,2.756,1.23,41069.0,40865.0,38566.0
2020.0,1.0,14.0,8.0,40365.0,50452.0,5.343,3.64,1.229,40811.0,41069.0,40865.0
2020.0,1.0,14.0,9.0,39049.0,50452.0,5.426,4.698,1.226,40365.0,40811.0,41069.0
2020.0,1.0,14.0,10.0,37927.0,50452.0,5.418,5.75,1.222,39049.0,40365.0,40811.0
2020.0,1.0,14.0,11.0,37407.0,50452.0,5.367,6.651,1.218,37927.0,39049.0,40365.0
2020.0,1.0,14.0,12.0,36421.0,50452.0,5.127,7.105,1.215,37407.0,37927.0,39049.0
2020.0,1.0,14.0,13.0,35649.0,50452.0,4.786,6.939,1.214,36421.0,37407.0,37927.0
2020.0,1.0,14.0,14.0,35957.0,50452.0,4.614,6.31,1.215,35649.0,36421.0,37407.0
2020.0,1.0,14.0,15.0,37247.0,50452.0,4.681,5.766,1.216,35957.0,35649.0,36421.0
2020.0,1.0,14.0,16.0,38759.0,50452.0,4.881,5.673,1.217,37247.0,35957.0,35649.0
2020.0,1.0,14.0,17.0,39139.0,50452.0,5.065,5.651,1.217,38759.0,37247.0,35957.0
2020.0,1.0,14.0,18.0,39760.0,50452.0,5.264,5.616,1.217,39139.0,38759.0,37247.0
2020.0,1.0,14.0,19.0,40185.0,50452.0,5.427,5.578,1.217,39760.0,39139.0,38759.0
2020.0,1.0,14.0,20.0,39865.0,50452.0,5.484,5.537,1.217,40185.0,39760.0,39139.0
2020.0,1.0,14.0,21.0,38528.0,50452.0,5.467,5.508,1.218,39865.0,40185.0,39760.0
2020.0,1.0,14.0,22.0,38944.0,50452.0,5.386,5.484,1.218,38528.0,39865.0,40185.0
2020.0,1.0,14.0,23.0,38384.0,50452.0,5.246,5.465,1.218,38944.0,38528.0,39865.0
2020.0,1.0,15.0,3.0,36227.0,50452.0,4.769,5.138,1.22,36328.0,37059.0,37604.0
2020.0,1.0,15.0,4.0,36227.0,50452.0,4.737,4.972,1.221,36227.0,36328.0,37059.0
2020.0,1.0,15.0,5.0,37459.0,50452.0,4.724,4.756,1.222,36227.0,36227.0,36328.0
2020.0,1.0,15.0,6.0,37194.0,50452.0,4.722,4.513,1.223,37459.0,36227.0,36227.0
2020.0,1.0,15.0,7.0,36155.0,50452.0,4.753,4.508,1.225,37194.0,37459.0,36227.0
2020.0,1.0,15.0,8.0,34719.0,50452.0,4.996,5.55,1.225,36155.0,37194.0,37459.0
2020.0,1.0,15.0,9.0,34881.0,50452.0,5.115,6.835,1.222,34719.0,36155.0,37194.0
2020.0,1.0,15.0,10.0,34350.0,50452.0,5.149,8.08,1.217,34881.0,34719.0,36155.0
2020.0,1.0,15.0,11.0,33303.0,50452.0,5.262,9.073,1.213,34350.0,34881.0,34719.0
2020.0,1.0,15.0,12.0,33214.0,50452.0,5.123,9.525,1.209,33303.0,34350.0,34881.0
2020.0,1.0,15.0,13.0,33369.0,50452.0,4.764,9.293,1.209,33214.0,33303.0,34350.0
2020.0,1.0,15.0,14.0,33514.0,50452.0,4.383,8.14,1.21,33369.0,33214.0,33303.0
2020.0,1.0,15.0,15.0,34741.0,50452.0,4.359,6.699,1.213,33514.0,33369.0,33214.0
2020.0,1.0,15.0,16.0,35883.0,50452.0,4.522,6.158,1.217,34741.0,33514.0,33369.0
2020.0,1.0,15.0,17.0,36402.0,50452.0,4.575,5.907,1.22,35883.0,34741.0,33514.0
2020.0,1.0,15.0,18.0,36713.0,50452.0,4.517,5.73,1.222,36402.0,35883.0,34741.0
2020.0,1.0,15.0,19.0,36525.0,50452.0,4.293,5.551,1.224,36713.0,36402.0,35883.0
2020.0,1.0,15.0,20.0,35330.0,50452.0,4.037,5.39,1.226,36525.0,36713.0,36402.0
2020.0,1.0,15.0,21.0,33012.0,50452.0,3.843,5.27,1.227,35330.0,36525.0,36713.0
2020.0,1.0,15.0,22.0,30841.0,50452.0,3.604,5.135,1.229,33012.0,35330.0,36525.0
2020.0,1.0,15.0,23.0,27995.0,50452.0,3.384,4.995,1.231,30841.0,33012.0,35330.0
2020.0,1.0,16.0,0.0,25464.0,50452.0,3.083,4.816,1.233,27995.0,30841.0,33012.0
2020.0,1.0,16.0,1.0,23635.0,50452.0,2.754,4.572,1.235,25464.0,27995.0,30841.0
2020.0,1.0,16.0,2.0,21877.0,50452.0,2.437,4.251,1.236,23635.0,25464.0,27995.0
2020.0,1.0,16.0,3.0,20430.0,50452.0,2.269,3.955,1.238,21877.0,23635.0,25464.0
2020.0,1.0,16.0,4.0,19208.0,50452.0,2.189,3.712,1.24,20430.0,21877.0,23635.0
2020.0,1.0,16.0,5.0,18562.0,50452.0,2.11,3.494,1.241,19208.0,20430.0,21877.0
2020.0,1.0,16.0,6.0,17762.0,50452.0,2.121,3.356,1.242,18562.0,19208.0,20430.0
2020.0,1.0,16.0,7.0,17200.0,50452.0,2.148,3.535,1.243,17762.0,18562.0,19208.0
2020.0,1.0,16.0,8.0,15323.0,50452.0,2.332,4.794,1.244,17200.0,17762.0,18562.0
2020.0,1.0,16.0,9.0,13203.0,50452.0,2.63,6.012,1.242,15323.0,17200.0,17762.0
2020.0,1.0,16.0,10.0,10807.0,50452.0,2.617,7.15,1.238,13203.0,15323.0,17200.0
2020.0,1.0,16.0,11.0,9512.0,50452.0,2.701,8.233,1.233,10807.0,13203.0,15323.0
2020.0,1.0,16.0,12.0,8912.0,50452.0,2.686,8.785,1.229,9512.0,10807.0,13203.0
2020.0,1.0,16.0,13.0,8896.0,50452.0,2.307,8.599,1.227,8912.0,9512.0,10807.0
2020.0,1.0,16.0,14.0,9702.0,50452.0,1.826,6.99,1.227,8896.0,8912.0,9512.0
2020.0,1.0,16.0,15.0,13425.0,50452.0,1.928,4.789,1.229,9702.0,8896.0,8912.0
2020.0,1.0,16.0,16.0,18577.0,50452.0,2.302,4.178,1.231,13425.0,9702.0,8896.0
2020.0,1.0,16.0,17.0,23295.0,50452.0,2.608,3.955,1.234,18577.0,13425.0,9702.0
2020.0,1.0,16.0,18.0,26212.0,50452.0,2.839,3.755,1.237,23295.0,18577.0,13425.0
2020.0,1.0,16.0,19.0,27803.0,50452.0,3.065,3.606,1.239,26212.0,23295.0,18577.0
2020.0,1.0,16.0,20.0,28245.0,50452.0,3.293,3.55,1.241,27803.0,26212.0,23295.0
2020.0,1.0,16.0,21.0,27364.0,50452.0,3.451,3.539,1.243,28245.0,27803.0,26212.0
2020.0,1.0,16.0,22.0,27921.0,50452.0,3.468,3.41,1.244,27364.0,28245.0,27803.0
2020.0,1.0,16.0,23.0,28351.0,50452.0,3.448,3.228,1.245,27921.0,27364.0,28245.0
2020.0,1.0,17.0,0.0,27948.0,50452.0,3.465,3.108,1.245,28351.0,27921.0,27364.0
2020.0,1.0,17.0,1.0,27505.0,50452.0,3.423,2.923,1.246,27948.0,28351.0,27921.0
2020.0,1.0,17.0,2.0,27071.0,50452.0,3.41,2.727,1.247,27505.0,27948.0,28351.0
2020.0,1.0,17.0,3.0,26056.0,50452.0,3.381,2.535,1.247,27071.0,27505.0,27948.0
2020.0,1.0,17.0,4.0,25566.0,50452.0,3.382,2.377,1.247,26056.0,27071.0,27505.0
2020.0,1.0,17.0,5.0,26150.0,50452.0,3.415,2.242,1.247,25566.0,26056.0,27071.0
2020.0,1.0,17.0,6.0,26124.0,50452.0,3.44,2.128,1.247,26150.0,25566.0,26056.0
2020.0,1.0,17.0,7.0,26007.0,50452.0,3.514,2.267,1.247,26124.0,26150.0,25566.0
2020.0,1.0,17.0,8.0,24574.0,50452.0,3.757,3.25,1.244,26007.0,26124.0,26150.0
2020.0,1.0,17.0,9.0,22649.0,50452.0,3.861,4.493,1.239,24574.0,26007.0,26124.0
2020.0,1.0,17.0,10.0,19956.0,50452.0,3.913,5.849,1.232,22649.0,24574.0,26007.0
2020.0,1.0,17.0,11.0,17937.0,50452.0,3.975,6.934,1.226,19956.0,22649.0,24574.0
2020.0,1.0,17.0,12.0,17382.0,50452.0,3.824,7.495,1.222,17937.0,19956.0,22649.0
2020.0,1.0,17.0,13.0,17231.0,50452.0,3.337,7.404,1.22,17382.0,17937.0,19956.0
2020.0,1.0,17.0,14.0,17562.0,50452.0,2.711,6.371,1.22,17231.0,17382.0,17937.0
2020.0,1.0,17.0,15.0,19102.0,50452.0,2.684,5.179,1.222,17562.0,17231.0,17382.0
2020.0,1.0,17.0,16.0,20793.0,50452.0,2.966,4.95,1.224,19102.0,17562.0,17231.0
2020.0,1.0,17.0,17.0,22432.0,50452.0,3.158,4.833,1.226,20793.0,19102.0,17562.0
2020.0,1.0,17.0,18.0,24423.0,50452.0,3.303,4.741,1.228,22432.0,20793.0,19102.0
2020.0,1.0,17.0,19.0,26146.0,50452.0,3.409,4.686,1.229,24423.0,22432.0,20793.0
2020.0,1.0,17.0,20.0,27898.0,50452.0,3.481,4.627,1.23,26146.0,24423.0,22432.0
2020.0,1.0,17.0,21.0,28126.0,50452.0,3.544,4.494,1.232,27898.0,26146.0,24423.0
2020.0,1.0,17.0,22.0,28632.0,50452.0,3.658,4.34,1.234,28126.0,27898.0,26146.0
2020.0,1.0,17.0,23.0,28654.0,50452.0,3.753,4.135,1.235,28632.0,28126.0,27898.0
2020.0,1.0,18.0,0.0,28306.0,50452.0,3.783,3.866,1.237,28654.0,28632.0,28126.0
2020.0,1.0,18.0,1.0,28267.0,50452.0,3.814,3.606,1.24,28306.0,28654.0,28632.0
2020.0,1.0,18.0,2.0,27841.0,50452.0,3.795,3.328,1.242,28267.0,28306.0,28654.0
2020.0,1.0,18.0,3.0,26967.0,50452.0,3.718,3.085,1.244,27841.0,28267.0,28306.0
2020.0,1.0,18.0,4.0,25904.0,50452.0,3.625,2.842,1.245,26967.0,27841.0,28267.0
2020.0,1.0,18.0,5.0,25603.0,50452.0,3.553,2.603,1.247,25904.0,26967.0,27841.0
2020.0,1.0,18.0,6.0,24991.0,50452.0,3.479,2.38,1.249,25603.0,25904.0,26967.0
2020.0,1.0,18.0,7.0,24435.0,50452.0,3.486,2.337,1.25,24991.0,25603.0,25904.0
2020.0,1.0,18.0,8.0,23595.0,50452.0,3.735,2.814,1.25,24435.0,24991.0,25603.0
2020.0,1.0,18.0,9.0,22150.0,50452.0,3.955,3.42,1.248,23595.0,24435.0,24991.0
2020.0,1.0,18.0,10.0,22670.0,50452.0,4.169,4.039,1.246,22150.0,23595.0,24435.0
2020.0,1.0,18.0,11.0,22490.0,50452.0,4.328,4.489,1.244,22670.0,22150.0,23595.0
2020.0,1.0,18.0,12.0,21638.0,50452.0,4.2,4.691,1.243,22490.0,22670.0,22150.0
2020.0,1.0,18.0,13.0,19376.0,50452.0,3.749,4.558,1.242,21638.0,22490.0,22670.0
2020.0,1.0,18.0,14.0,17351.0,50452.0,2.986,3.905,1.243,19376.0,21638.0,22490.0
2020.0,1.0,18.0,15.0,16407.0,50452.0,2.494,2.689,1.246,17351.0,19376.0,21638.0
2020.0,1.0,18.0,16.0,16739.0,50452.0,2.474,2.066,1.248,16407.0,17351.0,19376.0
2020.0,1.0,18.0,17.0,17489.0,50452.0,2.428,1.714,1.25,16739.0,16407.0,17351.0
2020.0,1.0,18.0,18.0,17285.0,50452.0,2.398,1.416,1.253,17489.0,16739.0,16407.0
2020.0,1.0,18.0,19.0,16636.0,50452.0,2.364,1.138,1.255,17285.0,17489.0,16739.0
2020.0,1.0,18.0,20.0,16297.0,50452.0,2.374,0.926,1.257,16636.0,17285.0,17489.0
2020.0,1.0,18.0,21.0,15638.0,50452.0,2.4,0.778,1.258,16297.0,16636.0,17285.0
2020.0,1.0,18.0,22.0,15320.0,50452.0,2.404,0.655,1.26,15638.0,16297.0,16636.0
2020.0,1.0,18.0,23.0,14665.0,50452.0,2.404,0.573,1.262,15320.0,15638.0,16297.0
2020.0,1.0,19.0,0.0,14482.0,50452.0,2.391,0.516,1.263,14665.0,15320.0,15638.0
2020.0,1.0,19.0,1.0,14260.0,50452.0,2.34,0.44,1.264,14482.0,14665.0,15320.0
2020.0,1.0,19.0,2.0,13940.0,50452.0,2.28,0.386,1.265,14260.0,14482.0,14665.0
2020.0,1.0,19.0,3.0,13837.0,50452.0,2.242,0.37,1.266,13940.0,14260.0,14482.0
2020.0,1.0,19.0,4.0,13860.0,50452.0,2.186,0.347,1.267,13837.0,13940.0,14260.0
2020.0,1.0,19.0,5.0,13780.0,50452.0,2.135,0.33,1.268,13860.0,13837.0,13940.0
2020.0,1.0,19.0,6.0,13407.0,50452.0,2.139,0.338,1.269,13780.0,13860.0,13837.0
2020.0,1.0,19.0,7.0,13496.0,50452.0,2.266,0.555,1.269,13407.0,13780.0,13860.0
2020.0,1.0,19.0,8.0,12786.0,50452.0,2.595,1.241,1.269,13496.0,13407.0,13780.0
2020.0,1.0,19.0,9.0,12056.0,50452.0,2.695,2.01,1.268,12786.0,13496.0,13407.0
2020.0,1.0,19.0,10.0,10691.0,50452.0,2.801,2.728,1.266,12056.0,12786.0,13496.0
2020.0,1.0,19.0,11.0,10505.0,50452.0,2.978,3.338,1.264,10691.0,12056.0,12786.0
2020.0,1.0,19.0,12.0,10766.0,50452.0,3.05,3.689,1.262,10505.0,10691.0,12056.0
2020.0,1.0,19.0,13.0,10832.0,50452.0,2.83,3.683,1.262,10766.0,10505.0,10691.0
2020.0,1.0,19.0,14.0,10692.0,50452.0,1.972,2.907,1.263,10832.0,10766.0,10505.0
2020.0,1.0,19.0,15.0,11217.0,50452.0,1.537,1.344,1.265,10692.0,10832.0,10766.0
2020.0,1.0,19.0,16.0,11922.0,50452.0,1.64,0.795,1.267,11217.0,10692.0,10832.0
2020.0,1.0,19.0,17.0,11950.0,50452.0,1.736,0.561,1.269,11922.0,11217.0,10692.0
2020.0,1.0,19.0,18.0,11029.0,50452.0,1.838,0.428,1.272,11950.0,11922.0,11217.0
2020.0,1.0,19.0,19.0,9969.0,50452.0,1.857,0.361,1.274,11029.0,11950.0,11922.0
2020.0,1.0,19.0,20.0,8877.0,50452.0,1.787,0.344,1.277,9969.0,11029.0,11950.0
2020.0,1.0,19.0,21.0,8149.0,50452.0,1.651,0.292,1.279,8877.0,9969.0,11029.0
2020.0,1.0,19.0,22.0,7354.0,50452.0,1.565,0.221,1.28,8149.0,8877.0,9969.0
2020.0,1.0,19.0,23.0,6632.0,50452.0,1.592,0.207,1.282,7354.0,8149.0,8877.0
2020.0,1.0,20.0,0.0,5789.0,50452.0,1.61,0.192,1.283,6632.0,7354.0,8149.0
2020.0,1.0,20.0,1.0,5351.0,50452.0,1.644,0.133,1.285,5789.0,6632.0,7354.0
2020.0,1.0,20.0,2.0,5539.0,50452.0,1.676,0.051,1.286,5351.0,5789.0,6632.0
2020.0,1.0,20.0,3.0,5802.0,50452.0,1.69,0.007,1.287,5539.0,5351.0,5789.0
2020.0,1.0,20.0,4.0,5967.0,50452.0,1.649,-0.019,1.287,5802.0,5539.0,5351.0
2020.0,1.0,20.0,5.0,6257.0,50452.0,1.607,-0.032,1.288,5967.0,5802.0,5539.0
2020.0,1.0,20.0,6.0,6569.0,50452.0,1.572,-0.065,1.288,6257.0,5967.0,5802.0
2020.0,1.0,20.0,7.0,6379.0,50452.0,1.716,0.165,1.289,6569.0,6257.0,5967.0
2020.0,1.0,20.0,8.0,6566.0,50452.0,2.082,0.883,1.288,6379.0,6569.0,6257.0
2020.0,1.0,20.0,9.0,6583.0,50452.0,2.212,1.729,1.286,6566.0,6379.0,6569.0
2020.0,1.0,20.0,10.0,6111.0,50452.0,2.318,2.68,1.282,6583.0,6566.0,6379.0
2020.0,1.0,20.0,11.0,6391.0,50452.0,2.399,3.476,1.278,6111.0,6583.0,6566.0
2020.0,1.0,20.0,12.0,7130.0,50452.0,2.454,3.994,1.274,6391.0,6111.0,6583.0
2020.0,1.0,20.0,13.0,8254.0,50452.0,2.391,4.054,1.272,7130.0,6391.0,6111.0
2020.0,1.0,20.0,14.0,9114.0,50452.0,1.824,3.208,1.272,8254.0,7130.0,6391.0
2020.0,1.0,20.0,15.0,10245.0,50452.0,1.639,1.398,1.273,9114.0,8254.0,7130.0
2020.0,1.0,20.0,16.0,11905.0,50452.0,1.783,0.569,1.275,10245.0,9114.0,8254.0
2020.0,1.0,20.0,17.0,13447.0,50452.0,1.896,0.119,1.277,11905.0,10245.0,9114.0
2020.0,1.0,20.0,18.0,14678.0,50452.0,2.008,-0.297,1.28,13447.0,11905.0,10245.0
2020.0,1.0,20.0,19.0,15213.0,50452.0,2.103,-0.66,1.282,14678.0,13447.0,11905.0
2020.0,1.0,20.0,20.0,15782.0,50452.0,2.177,-0.952,1.283,15213.0,14678.0,13447.0
2020.0,1.0,20.0,21.0,16335.0,50452.0,2.214,-1.227,1.285,15782.0,15213.0,14678.0
2020.0,1.0,20.0,22.0,16345.0,50452.0,2.242,-1.469,1.286,16335.0,15782.0,15213.0
2020.0,1.0,20.0,23.0,17228.0,50452.0,2.298,-1.646,1.288,16345.0,16335.0,15782.0
2020.0,1.0,21.0,0.0,18088.0,50452.0,2.363,-1.797,1.289,17228.0,16345.0,16335.0
2020.0,1.0,21.0,1.0,18238.0,50452.0,2.444,-1.901,1.29,18088.0,17228.0,16345.0
2020.0,1.0,21.0,2.0,18300.0,50452.0,2.487,-1.993,1.29,18238.0,18088.0,17228.0
2020.0,1.0,21.0,3.0,19085.0,50452.0,2.504,-2.052,1.291,18300.0,18238.0,18088.0
2020.0,1.0,21.0,4.0,18852.0,50452.0,2.492,-2.112,1.291,19085.0,18300.0,18238.0
2020.0,1.0,21.0,5.0,19322.0,50452.0,2.471,-2.163,1.291,18852.0,19085.0,18300.0
2020.0,1.0,21.0,6.0,19557.0,50452.0,2.435,-2.214,1.291,19322.0,18852.0,19085.0
2020.0,1.0,21.0,7.0,18499.0,50452.0,2.507,-1.804,1.291,19557.0,19322.0,18852.0
2020.0,1.0,21.0,8.0,16520.0,50452.0,2.881,-0.444,1.289,18499.0,19557.0,19322.0
2020.0,1.0,21.0,9.0,14656.0,50452.0,2.917,0.886,1.284,16520.0,18499.0,19557.0
2020.0,1.0,21.0,10.0,12670.0,50452.0,2.922,2.228,1.278,14656.0,16520.0,18499.0
2020.0,1.0,21.0,11.0,11366.0,50452.0,2.924,3.199,1.273,12670.0,14656.0,16520.0
2020.0,1.0,21.0,12.0,10857.0,50452.0,2.806,3.624,1.269,11366.0,12670.0,14656.0
2020.0,1.0,21.0,13.0,10900.0,50452.0,2.497,3.451,1.268,10857.0,11366.0,12670.0
2020.0,1.0,21.0,14.0,11207.0,50452.0,1.827,2.174,1.268,10900.0,10857.0,11366.0
2020.0,1.0,21.0,15.0,11922.0,50452.0,1.733,0.164,1.27,11207.0,10900.0,10857.0
2020.0,1.0,21.0,16.0,13178.0,50452.0,1.867,-0.487,1.272,11922.0,11207.0,10900.0
2020.0,1.0,21.0,17.0,14361.0,50452.0,1.972,-0.677,1.274,13178.0,11922.0,11207.0
2020.0,1.0,21.0,18.0,14757.0,50452.0,2.043,-0.828,1.276,14361.0,13178.0,11922.0
2020.0,1.0,21.0,19.0,14565.0,50452.0,2.099,-0.979,1.277,14757.0,14361.0,13178.0
2020.0,1.0,21.0,20.0,14109.0,50452.0,2.179,-1.15,1.278,14565.0,14757.0,14361.0
2020.0,1.0,21.0,21.0,14191.0,50452.0,2.256,-1.274,1.279,14109.0,14565.0,14757.0
2020.0,1.0,21.0,22.0,14948.0,50452.0,2.343,-1.35,1.28,14191.0,14109.0,14565.0
2020.0,1.0,21.0,23.0,15314.0,50452.0,2.382,-1.396,1.28,14948.0,14191.0,14109.0
2020.0,1.0,22.0,3.0,15217.0,50452.0,2.547,-1.289,1.28,14813.0,15341.0,15199.0
2020.0,1.0,22.0,4.0,15251.0,50452.0,2.591,-1.24,1.28,15217.0,14813.0,15341.0
2020.0,1.0,22.0,5.0,15182.0,50452.0,2.595,-1.212,1.28,15251.0,15217.0,14813.0
2020.0,1.0,22.0,6.0,14546.0,50452.0,2.584,-1.172,1.28,15182.0,15251.0,15217.0
2020.0,1.0,22.0,7.0,14343.0,50452.0,2.607,-0.913,1.28,14546.0,15182.0,15251.0
2020.0,1.0,22.0,8.0,12824.0,50452.0,2.68,-0.143,1.278,14343.0,14546.0,15182.0
2020.0,1.0,22.0,9.0,11590.0,50452.0,2.691,0.775,1.275,12824.0,14343.0,14546.0
2020.0,1.0,22.0,10.0,10957.0,50452.0,2.675,1.618,1.271,11590.0,12824.0,14343.0
2020.0,1.0,22.0,11.0,10353.0,50452.0,2.661,2.302,1.267,10957.0,11590.0,12824.0
2020.0,1.0,22.0,12.0,9771.0,50452.0,2.633,2.716,1.265,10353.0,10957.0,11590.0
2020.0,1.0,22.0,13.0,8962.0,50452.0,2.443,2.73,1.264,9771.0,10353.0,10957.0
2020.0,1.0,22.0,14.0,7907.0,50452.0,1.979,2.195,1.264,8962.0,9771.0,10353.0
2020.0,1.0,22.0,15.0,7059.0,50452.0,1.555,0.969,1.265,7907.0,8962.0,9771.0
2020.0,1.0,22.0,16.0,6383.0,50452.0,1.492,0.401,1.267,7059.0,7907.0,8962.0
2020.0,1.0,22.0,17.0,5556.0,50452.0,1.415,0.184,1.269,6383.0,7059.0,7907.0
2020.0,1.0,22.0,18.0,4909.0,50452.0,1.344,0.062,1.27,5556.0,6383.0,7059.0
2020.0,1.0,22.0,19.0,4523.0,50452.0,1.295,-0.004,1.272,4909.0,5556.0,6383.0
2020.0,1.0,22.0,20.0,4133.0,50452.0,1.27,-0.05,1.273,4523.0,4909.0,5556.0
2020.0,1.0,22.0,21.0,3445.0,50452.0,1.25,-0.096,1.274,4133.0,4523.0,4909.0
2020.0,1.0,22.0,22.0,2733.0,50452.0,1.233,-0.151,1.274,3445.0,4133.0,4523.0
2020.0,1.0,22.0,23.0,2439.0,50452.0,1.267,-0.184,1.275,2733.0,3445.0,4133.0
2020.0,1.0,23.0,0.0,2176.0,50452.0,1.364,-0.21,1.275,2439.0,2733.0,3445.0
2020.0,1.0,23.0,1.0,2230.0,50452.0,1.453,-0.287,1.275,2176.0,2439.0,2733.0
2020.0,1.0,23.0,2.0,2670.0,50452.0,1.536,-0.389,1.275,2230.0,2176.0,2439.0
2020.0,1.0,23.0,3.0,3084.0,50452.0,1.563,-0.466,1.275,2670.0,2230.0,2176.0
2020.0,1.0,23.0,4.0,3384.0,50452.0,1.598,-0.526,1.275,3084.0,2670.0,2230.0
2020.0,1.0,23.0,5.0,3772.0,50452.0,1.644,-0.583,1.275,3384.0,3084.0,2670.0
2020.0,1.0,23.0,6.0,4054.0,50452.0,1.664,-0.672,1.275,3772.0,3384.0,3084.0
2020.0,1.0,23.0,7.0,4036.0,50452.0,1.833,-0.413,1.275,4054.0,3772.0,3384.0
2020.0,1.0,23.0,8.0,4049.0,50452.0,2.289,0.566,1.273,4036.0,4054.0,3772.0
2020.0,1.0,23.0,9.0,3923.0,50452.0,2.511,1.551,1.27,4049.0,4036.0,4054.0
2020.0,1.0,23.0,10.0,4101.0,50452.0,2.61,2.511,1.266,3923.0,4049.0,4036.0
2020.0,1.0,23.0,11.0,4728.0,50452.0,2.671,3.238,1.262,4101.0,3923.0,4049.0
2020.0,1.0,23.0,12.0,5383.0,50452.0,2.647,3.611,1.258,4728.0,4101.0,3923.0
2020.0,1.0,23.0,13.0,5671.0,50452.0,2.444,3.537,1.257,5383.0,4728.0,4101.0
2020.0,1.0,23.0,14.0,5703.0,50452.0,1.732,2.624,1.256,5671.0,5383.0,4728.0
2020.0,1.0,23.0,15.0,5931.0,50452.0,1.386,0.775,1.257,5703.0,5671.0,5383.0
2020.0,1.0,23.0,16.0,6159.0,50452.0,1.461,-0.034,1.259,5931.0,5703.0,5671.0
2020.0,1.0,23.0,17.0,6392.0,50452.0,1.499,-0.413,1.261,6159.0,5931.0,5703.0
2020.0,1.0,23.0,18.0,6078.0,50452.0,1.488,-0.807,1.262,6392.0,6159.0,5931.0
2020.0,1.0,23.0,19.0,5947.0,50452.0,1.47,-1.177,1.264,6078.0,6392.0,6159.0
2020.0,1.0,23.0,20.0,5874.0,50452.0,1.453,-1.538,1.266,5947.0,6078.0,6392.0
2020.0,1.0,23.0,21.0,5807.0,50452.0,1.481,-1.832,1.267,5874.0,5947.0,6078.0
2020.0,1.0,23.0,22.0,5922.0,50452.0,1.538,-2.05,1.268,5807.0,5874.0,5947.0
2020.0,1.0,23.0,23.0,6180.0,50452.0,1.61,-2.211,1.269,5922.0,5807.0,5874.0
2020.0,1.0,24.0,0.0,6229.0,50452.0,1.682,-2.318,1.27,6180.0,5922.0,5807.0
2020.0,1.0,24.0,1.0,6300.0,50452.0,1.759,-2.375,1.271,6229.0,6180.0,5922.0
2020.0,1.0,24.0,2.0,6600.0,50452.0,1.884,-2.363,1.272,6300.0,6229.0,6180.0
2020.0,1.0,24.0,3.0,7152.0,50452.0,2.014,-2.294,1.272,6600.0,6300.0,6229.0
2020.0,1.0,24.0,4.0,7832.0,50452.0,2.093,-2.232,1.272,7152.0,6600.0,6300.0
2020.0,1.0,24.0,5.0,8511.0,50452.0,2.136,-2.2,1.272,7832.0,7152.0,6600.0
2020.0,1.0,24.0,6.0,8775.0,50452.0,2.171,-2.191,1.272,8511.0,7832.0,7152.0
2020.0,1.0,24.0,7.0,8507.0,50452.0,2.382,-1.905,1.272,8775.0,8511.0,7832.0
2020.0,1.0,24.0,8.0,8204.0,50452.0,2.666,-0.991,1.27,8507.0,8775.0,8511.0
2020.0,1.0,24.0,9.0,7800.0,50452.0,2.791,0.112,1.266,8204.0,8507.0,8775.0
2020.0,1.0,24.0,10.0,7410.0,50452.0,2.858,1.136,1.262,7800.0,8204.0,8507.0
2020.0,1.0,24.0,11.0,7971.0,50452.0,2.899,1.953,1.257,7410.0,7800.0,8204.0
2020.0,1.0,24.0,12.0,8752.0,50452.0,2.87,2.429,1.254,7971.0,7410.0,7800.0
2020.0,1.0,24.0,13.0,9122.0,50452.0,2.646,2.395,1.252,8752.0,7971.0,7410.0
2020.0,1.0,24.0,14.0,9089.0,50452.0,1.947,1.531,1.252,9122.0,8752.0,7971.0
2020.0,1.0,24.0,15.0,9111.0,50452.0,1.552,0.063,1.254,9089.0,9122.0,8752.0
2020.0,1.0,24.0,16.0,9082.0,50452.0,1.7,-0.361,1.256,9111.0,9089.0,9122.0
2020.0,1.0,24.0,17.0,9207.0,50452.0,1.852,-0.419,1.257,9082.0,9111.0,9089.0
2020.0,1.0,24.0,18.0,9567.0,50452.0,1.944,-0.439,1.259,9207.0,9082.0,9111.0
2020.0,1.0,24.0,19.0,9554.0,50452.0,1.988,-0.454,1.26,9567.0,9207.0,9082.0
2020.0,1.0,24.0,20.0,9827.0,50452.0,2.033,-0.439,1.261,9554.0,9567.0,9207.0
2020.0,1.0,24.0,21.0,9864.0,50452.0,2.095,-0.413,1.261,9827.0,9554.0,9567.0
2020.0,1.0,24.0,22.0,9740.0,50452.0,2.102,-0.429,1.261,9864.0,9827.0,9554.0
2020.0,1.0,24.0,23.0,9499.0,50452.0,2.092,-0.453,1.261,9740.0,9864.0,9827.0
2020.0,1.0,25.0,0.0,9058.0,50452.0,2.04,-0.472,1.261,9499.0,9740.0,9864.0
2020.0,1.0,25.0,1.0,8708.0,50452.0,1.948,-0.493,1.261,9058.0,9499.0,9740.0
2020.0,1.0,25.0,2.0,8464.0,50452.0,1.872,-0.517,1.261,8708.0,9058.0,9499.0
2020.0,1.0,25.0,3.0,7902.0,50452.0,1.824,-0.555,1.261,8464.0,8708.0,9058.0
2020.0,1.0,25.0,4.0,7225.0,50452.0,1.794,-0.574,1.261,7902.0,8464.0,8708.0
2020.0,1.0,25.0,5.0,7242.0,50452.0,1.764,-0.585,1.262,7225.0,7902.0,8464.0
2020.0,1.0,25.0,6.0,7162.0,50452.0,1.745,-0.611,1.262,7242.0,7225.0,7902.0
2020.0,1.0,25.0,7.0,6966.0,50452.0,1.892,-0.411,1.262,7162.0,7242.0,7225.0
2020.0,1.0,25.0,8.0,6484.0,50452.0,2.247,0.177,1.262,6966.0,7162.0,7242.0
2020.0,1.0,25.0,9.0,6252.0,50452.0,2.31,0.868,1.26,6484.0,6966.0,7162.0
2020.0,1.0,25.0,10.0,6434.0,50452.0,2.324,1.65,1.257,6252.0,6484.0,6966.0
2020.0,1.0,25.0,11.0,6606.0,50452.0,2.3,2.292,1.253,6434.0,6252.0,6484.0
2020.0,1.0,25.0,12.0,6618.0,50452.0,2.195,2.675,1.251,6606.0,6434.0,6252.0
2020.0,1.0,25.0,13.0,6408.0,50452.0,1.962,2.661,1.249,6618.0,6606.0,6434.0
2020.0,1.0,25.0,14.0,6160.0,50452.0,1.351,1.996,1.249,6408.0,6618.0,6606.0
2020.0,1.0,25.0,15.0,6221.0,50452.0,1.1,0.812,1.25,6160.0,6408.0,6618.0
2020.0,1.0,25.0,16.0,6139.0,50452.0,1.179,0.416,1.252,6221.0,6160.0,6408.0
2020.0,1.0,25.0,17.0,6387.0,50452.0,1.307,0.321,1.253,6139.0,6221.0,6160.0
2020.0,1.0,25.0,18.0,6678.0,50452.0,1.438,0.237,1.254,6387.0,6139.0,6221.0
2020.0,1.0,25.0,19.0,7104.0,50452.0,1.555,0.139,1.255,6678.0,6387.0,6139.0
2020.0,1.0,25.0,20.0,7327.0,50452.0,1.631,0.051,1.256,7104.0,6678.0,6387.0
2020.0,1.0,25.0,21.0,7400.0,50452.0,1.641,0.0,1.257,7327.0,7104.0,6678.0
2020.0,1.0,25.0,22.0,7461.0,50452.0,1.634,-0.051,1.257,7400.0,7327.0,7104.0
2020.0,1.0,25.0,23.0,7326.0,50452.0,1.659,-0.095,1.257,7461.0,7400.0,7327.0
2020.0,1.0,26.0,0.0,7118.0,50452.0,1.682,-0.148,1.257,7326.0,7461.0,7400.0
2020.0,1.0,26.0,1.0,6703.0,50452.0,1.695,-0.206,1.257,7118.0,7326.0,7461.0
2020.0,1.0,26.0,2.0,6768.0,50452.0,1.722,-0.258,1.257,6703.0,7118.0,7326.0
2020.0,1.0,26.0,3.0,6643.0,50452.0,1.769,-0.301,1.257,6768.0,6703.0,7118.0
2020.0,1.0,26.0,4.0,6874.0,50452.0,1.814,-0.354,1.258,6643.0,6768.0,6703.0
2020.0,1.0,26.0,5.0,6869.0,50452.0,1.874,-0.404,1.258,6874.0,6643.0,6768.0
2020.0,1.0,26.0,6.0,7338.0,50452.0,1.954,-0.441,1.258,6869.0,6874.0,6643.0
2020.0,1.0,26.0,7.0,7547.0,50452.0,2.235,-0.188,1.258,7338.0,6869.0,6874.0
2020.0,1.0,26.0,8.0,7797.0,50452.0,2.557,0.552,1.256,7547.0,7338.0,6869.0
2020.0,1.0,26.0,9.0,7996.0,50452.0,2.628,1.418,1.253,7797.0,7547.0,7338.0
2020.0,1.0,26.0,10.0,8143.0,50452.0,2.667,2.348,1.248,7996.0,7797.0,7547.0
2020.0,1.0,26.0,11.0,8094.0,50452.0,2.67,3.113,1.244,8143.0,7996.0,7797.0
2020.0,1.0,26.0,12.0,7688.0,50452.0,2.561,3.506,1.241,8094.0,8143.0,7996.0
2020.0,1.0,26.0,13.0,7196.0,50452.0,2.263,3.425,1.24,7688.0,8094.0,8143.0
2020.0,1.0,26.0,14.0,7306.0,50452.0,1.821,2.665,1.24,7196.0,7688.0,8094.0
2020.0,1.0,26.0,15.0,8187.0,50452.0,1.749,1.574,1.24,7306.0,7196.0,7688.0
2020.0,1.0,26.0,16.0,10136.0,50452.0,2.049,1.283,1.241,8187.0,7306.0,7196.0
2020.0,1.0,26.0,17.0,12132.0,50452.0,2.296,1.258,1.242,10136.0,8187.0,7306.0
2020.0,1.0,26.0,18.0,13678.0,50452.0,2.439,1.208,1.242,12132.0,10136.0,8187.0
2020.0,1.0,26.0,19.0,15575.0,50452.0,2.557,1.184,1.243,13678.0,12132.0,10136.0
2020.0,1.0,26.0,20.0,16955.0,50452.0,2.64,1.184,1.243,15575.0,13678.0,12132.0
2020.0,1.0,26.0,21.0,17446.0,50452.0,2.669,1.153,1.243,16955.0,15575.0,13678.0
2020.0,1.0,26.0,22.0,18440.0,50452.0,2.72,1.144,1.243,17446.0,16955.0,15575.0
2020.0,1.0,26.0,23.0,20012.0,50452.0,2.802,1.159,1.243,18440.0,17446.0,16955.0
2020.0,1.0,27.0,0.0,21127.0,50452.0,2.895,1.195,1.243,20012.0,18440.0,17446.0
2020.0,1.0,27.0,1.0,22125.0,50452.0,2.995,1.23,1.242,21127.0,20012.0,18440.0
2020.0,1.0,27.0,2.0,23528.0,50452.0,3.122,1.292,1.242,22125.0,21127.0,20012.0
2020.0,1.0,27.0,3.0,24508.0,50452.0,3.27,1.384,1.241,23528.0,22125.0,21127.0
2020.0,1.0,27.0,4.0,25270.0,50452.0,3.416,1.481,1.241,24508.0,23528.0,22125.0
2020.0,1.0,27.0,5.0,26379.0,50452.0,3.549,1.594,1.24,25270.0,24508.0,23528.0
2020.0,1.0,27.0,6.0,26713.0,50452.0,3.662,1.711,1.239,26379.0,25270.0,24508.0
2020.0,1.0,27.0,7.0,26719.0,50452.0,3.858,2.133,1.238,26713.0,26379.0,25270.0
2020.0,1.0,27.0,8.0,26432.0,50452.0,4.131,3.009,1.235,26719.0,26713.0,26379.0
2020.0,1.0,27.0,9.0,25416.0,50452.0,4.196,3.99,1.231,26432.0,26719.0,26713.0
2020.0,1.0,27.0,10.0,23932.0,50452.0,4.218,5.022,1.226,25416.0,26432.0,26719.0
2020.0,1.0,27.0,11.0,23029.0,50452.0,4.157,5.804,1.221,23932.0,25416.0,26432.0
2020.0,1.0,27.0,12.0,21690.0,50452.0,3.869,6.108,1.218,23029.0,23932.0,25416.0
2020.0,1.0,27.0,13.0,20879.0,50452.0,3.419,5.83,1.216,21690.0,23029.0,23932.0
2020.0,1.0,27.0,14.0,20079.0,50452.0,3.135,4.962,1.216,20879.0,21690.0,23029.0
2020.0,1.0,27.0,15.0,19919.0,50452.0,3.118,4.145,1.217,20079.0,20879.0,21690.0
2020.0,1.0,27.0,16.0,20431.0,50452.0,3.28,3.949,1.217,19919.0,20079.0,20879.0
2020.0,1.0,27.0,17.0,20396.0,50452.0,3.336,3.847,1.218,20431.0,19919.0,20079.0
2020.0,1.0,27.0,18.0,21122.0,50452.0,3.378,3.696,1.219,20396.0,20431.0,19919.0
2020.0,1.0,27.0,19.0,21453.0,50452.0,3.485,3.55,1.218,21122.0,20396.0,20431.0
2020.0,1.0,27.0,20.0,22059.0,50452.0,3.626,3.404,1.218,21453.0,21122.0,20396.0
2020.0,1.0,27.0,21.0,23015.0,50452.0,3.75,3.215,1.218,22059.0,21453.0,21122.0
2020.0,1.0,27.0,22.0,24531.0,50452.0,3.93,3.054,1.218,23015.0,22059.0,21453.0
2020.0,1.0,27.0,23.0,26494.0,50452.0,4.16,2.993,1.217,24531.0,23015.0,22059.0
2020.0,1.0,28.0,0.0,28915.0,50452.0,4.353,2.998,1.216,26494.0,24531.0,23015.0
2020.0,1.0,28.0,1.0,30620.0,50452.0,4.56,3.077,1.215,28915.0,26494.0,24531.0
2020.0,1.0,28.0,2.0,31217.0,50452.0,4.716,3.199,1.213,30620.0,28915.0,26494.0
2020.0,1.0,28.0,3.0,32445.0,50452.0,4.802,3.273,1.212,31217.0,30620.0,28915.0
2020.0,1.0,28.0,4.0,32838.0,50452.0,4.869,3.298,1.211,32445.0,31217.0,30620.0
2020.0,1.0,28.0,5.0,32617.0,50452.0,4.869,3.315,1.21,32838.0,32445.0,31217.0
2020.0,1.0,28.0,6.0,32029.0,50452.0,4.893,3.301,1.209,32617.0,32838.0,32445.0
2020.0,1.0,28.0,7.0,30982.0,50452.0,5.068,3.473,1.208,32029.0,32617.0,32838.0
2020.0,1.0,28.0,8.0,29051.0,50452.0,5.446,4.064,1.206,30982.0,32029.0,32617.0
2020.0,1.0,28.0,9.0,27854.0,50452.0,5.826,4.66,1.204,29051.0,30982.0,32029.0
2020.0,1.0,28.0,10.0,28512.0,50452.0,6.231,5.027,1.203,27854.0,29051.0,30982.0
2020.0,1.0,28.0,11.0,30215.0,50452.0,6.598,5.082,1.203,28512.0,27854.0,29051.0
2020.0,1.0,28.0,12.0,32687.0,50452.0,6.68,4.815,1.204,30215.0,28512.0,27854.0
2020.0,1.0,28.0,13.0,35487.0,50452.0,6.533,4.321,1.207,32687.0,30215.0,28512.0
2020.0,1.0,28.0,14.0,37479.0,50452.0,6.313,3.635,1.21,35487.0,32687.0,30215.0
2020.0,1.0,28.0,15.0,39062.0,50452.0,6.181,2.873,1.213,37479.0,35487.0,32687.0
2020.0,1.0,28.0,16.0,39644.0,50452.0,6.159,2.33,1.217,39062.0,37479.0,35487.0
2020.0,1.0,28.0,17.0,40286.0,50452.0,6.131,1.981,1.219,39644.0,39062.0,37479.0
2020.0,1.0,28.0,18.0,41392.0,50452.0,6.023,1.721,1.221,40286.0,39644.0,39062.0
2020.0,1.0,28.0,19.0,40903.0,50452.0,5.799,1.465,1.223,41392.0,40286.0,39644.0
2020.0,1.0,28.0,20.0,39604.0,50452.0,5.563,1.233,1.224,40903.0,41392.0,40286.0
2020.0,1.0,28.0,21.0,36488.0,50452.0,5.246,1.043,1.225,39604.0,40903.0,41392.0
2020.0,1.0,28.0,22.0,34986.0,50452.0,5.039,0.909,1.225,36488.0,39604.0,40903.0
2020.0,1.0,28.0,23.0,34310.0,50452.0,4.928,0.887,1.225,34986.0,36488.0,39604.0
2020.0,1.0,29.0,3.0,33848.0,50452.0,5.02,1.169,1.227,33337.0,33118.0,33343.0
2020.0,1.0,29.0,4.0,34890.0,50452.0,5.119,1.212,1.228,33848.0,33337.0,33118.0
2020.0,1.0,29.0,5.0,35944.0,50452.0,5.248,1.276,1.229,34890.0,33848.0,33337.0
2020.0,1.0,29.0,6.0,36675.0,50452.0,5.273,1.334,1.23,35944.0,34890.0,33848.0
2020.0,1.0,29.0,7.0,37423.0,50452.0,5.352,1.557,1.23,36675.0,35944.0,34890.0
2020.0,1.0,29.0,8.0,37649.0,50452.0,5.582,2.171,1.229,37423.0,36675.0,35944.0
2020.0,1.0,29.0,9.0,38182.0,50452.0,5.914,2.897,1.227,37649.0,37423.0,36675.0
2020.0,1.0,29.0,10.0,38163.0,50452.0,6.268,3.555,1.225,38182.0,37649.0,37423.0
2020.0,1.0,29.0,11.0,38040.0,50452.0,6.464,4.043,1.223,38163.0,38182.0,37649.0
2020.0,1.0,29.0,12.0,37696.0,50452.0,6.341,4.238,1.222,38040.0,38163.0,38182.0
2020.0,1.0,29.0,13.0,36966.0,50452.0,5.952,4.117,1.222,37696.0,38040.0,38163.0
2020.0,1.0,29.0,14.0,36535.0,50452.0,5.439,3.656,1.223,36966.0,37696.0,38040.0
2020.0,1.0,29.0,15.0,35762.0,50452.0,5.175,2.974,1.226,36535.0,36966.0,37696.0
2020.0,1.0,29.0,16.0,35249.0,50452.0,5.108,2.51,1.229,35762.0,36535.0,36966.0
2020.0,1.0,29.0,17.0,35380.0,50452.0,4.983,2.263,1.231,35249.0,35762.0,36535.0
2020.0,1.0,29.0,18.0,35175.0,50452.0,4.736,1.991,1.234,35380.0,35249.0,35762.0
2020.0,1.0,29.0,19.0,35061.0,50452.0,4.516,1.699,1.235,35175.0,35380.0,35249.0
2020.0,1.0,29.0,20.0,35001.0,50452.0,4.379,1.446,1.237,35061.0,35175.0,35380.0
2020.0,1.0,29.0,21.0,33512.0,50452.0,4.342,1.322,1.239,35001.0,35061.0,35175.0
2020.0,1.0,29.0,22.0,32991.0,50452.0,4.332,1.314,1.24,33512.0,35001.0,35061.0
2020.0,1.0,29.0,23.0,32769.0,50452.0,4.359,1.346,1.241,32991.0,33512.0,35001.0
2020.0,1.0,30.0,0.0,33195.0,50452.0,4.363,1.369,1.241,32769.0,32991.0,33512.0
2020.0,1.0,30.0,1.0,33998.0,50452.0,4.442,1.427,1.24,33195.0,32769.0,32991.0
2020.0,1.0,30.0,2.0,34426.0,50452.0,4.587,1.54,1.239,33998.0,33195.0,32769.0
2020.0,1.0,30.0,3.0,35325.0,50452.0,4.787,1.75,1.238,34426.0,33998.0,33195.0
2020.0,1.0,30.0,4.0,36298.0,50452.0,5.008,2.028,1.236,35325.0,34426.0,33998.0
2020.0,1.0,30.0,5.0,37652.0,50452.0,5.133,2.254,1.235,36298.0,35325.0,34426.0
2020.0,1.0,30.0,6.0,37490.0,50452.0,5.161,2.407,1.234,37652.0,36298.0,35325.0
2020.0,1.0,30.0,7.0,37289.0,50452.0,5.262,2.799,1.232,37490.0,37652.0,36298.0
2020.0,1.0,30.0,8.0,36644.0,50452.0,5.359,3.596,1.23,37289.0,37490.0,37652.0
2020.0,1.0,30.0,9.0,35875.0,50452.0,5.482,4.508,1.226,36644.0,37289.0,37490.0
2020.0,1.0,30.0,10.0,35211.0,50452.0,5.62,5.393,1.223,35875.0,36644.0,37289.0
2020.0,1.0,30.0,11.0,35099.0,50452.0,5.531,6.078,1.219,35211.0,35875.0,36644.0
2020.0,1.0,30.0,12.0,33614.0,50452.0,5.262,6.494,1.216,35099.0,35211.0,35875.0
2020.0,1.0,30.0,13.0,31004.0,50452.0,4.742,6.536,1.214,33614.0,35099.0,35211.0
2020.0,1.0,30.0,14.0,28917.0,50452.0,4.055,6.007,1.214,31004.0,33614.0,35099.0
2020.0,1.0,30.0,15.0,27974.0,50452.0,3.745,5.048,1.214,28917.0,31004.0,33614.0
2020.0,1.0,30.0,16.0,29664.0,50452.0,3.84,4.549,1.214,27974.0,28917.0,31004.0
2020.0,1.0,30.0,17.0,31503.0,50452.0,4.13,4.454,1.215,29664.0,27974.0,28917.0
2020.0,1.0,30.0,18.0,34188.0,50452.0,4.514,4.507,1.215,31503.0,29664.0,27974.0
2020.0,1.0,30.0,19.0,37697.0,50452.0,4.943,4.741,1.214,34188.0,31503.0,29664.0
2020.0,1.0,30.0,20.0,39791.0,50452.0,5.376,5.112,1.212,37697.0,34188.0,31503.0
2020.0,1.0,30.0,21.0,40376.0,50452.0,5.771,5.504,1.21,39791.0,37697.0,34188.0
2020.0,1.0,30.0,22.0,41526.0,50452.0,6.197,5.982,1.208,40376.0,39791.0,37697.0
2020.0,1.0,30.0,23.0,42873.0,50452.0,6.581,6.606,1.204,41526.0,40376.0,39791.0
2020.0,1.0,31.0,0.0,43231.0,50452.0,6.737,7.166,1.201,42873.0,41526.0,40376.0
2020.0,1.0,31.0,1.0,43107.0,50452.0,6.84,7.666,1.199,43231.0,42873.0,41526.0
2020.0,1.0,31.0,2.0,42863.0,50452.0,6.802,7.998,1.198,43107.0,43231.0,42873.0
2020.0,1.0,31.0,3.0,41275.0,50452.0,6.657,8.176,1.198,42863.0,43107.0,43231.0
2020.0,1.0,31.0,4.0,41128.0,50452.0,6.458,8.216,1.199,41275.0,42863.0,43107.0
2020.0,1.0,31.0,5.0,40383.0,50452.0,6.193,8.134,1.2,41128.0,41275.0,42863.0
2020.0,1.0,31.0,6.0,38355.0,50452.0,5.901,7.985,1.202,40383.0,41128.0,41275.0
2020.0,1.0,31.0,7.0,36895.0,50452.0,5.688,7.973,1.203,38355.0,40383.0,41128.0
2020.0,1.0,31.0,8.0,36194.0,50452.0,5.649,8.409,1.203,36895.0,38355.0,40383.0
2020.0,1.0,31.0,9.0,36514.0,50452.0,5.722,9.074,1.202,36194.0,36895.0,38355.0
2020.0,1.0,31.0,10.0,36921.0,50452.0,5.951,9.655,1.201,36514.0,36194.0,36895.0
2020.0,1.0,31.0,11.0,36965.0,50452.0,5.981,10.074,1.2,36921.0,36514.0,36194.0
2020.0,1.0,31.0,12.0,35909.0,50452.0,5.751,10.304,1.198,36965.0,36921.0,36514.0
2020.0,1.0,31.0,13.0,34392.0,50452.0,5.277,10.281,1.198,35909.0,36965.0,36921.0
2020.0,1.0,31.0,14.0,32959.0,50452.0,4.745,9.944,1.198,34392.0,35909.0,36965.0
2020.0,1.0,31.0,15.0,31781.0,50452.0,4.337,9.339,1.199,32959.0,34392.0,35909.0
2020.0,1.0,31.0,16.0,32502.0,50452.0,4.298,9.013,1.2,31781.0,32959.0,34392.0
2020.0,1.0,31.0,17.0,34001.0,50452.0,4.477,9.008,1.2,32502.0,31781.0,32959.0
2020.0,1.0,31.0,18.0,35587.0,50452.0,4.675,9.066,1.2,34001.0,32502.0,31781.0
2020.0,1.0,31.0,19.0,35990.0,50452.0,4.815,9.126,1.2,35587.0,34001.0,32502.0
2020.0,1.0,31.0,20.0,36368.0,50452.0,4.932,9.181,1.2,35990.0,35587.0,34001.0
2020.0,1.0,31.0,21.0,35949.0,50452.0,4.956,9.174,1.2,36368.0,35990.0,35587.0
2020.0,1.0,31.0,22.0,36196.0,50452.0,4.916,9.125,1.2,35949.0,36368.0,35990.0
2020.0,1.0,31.0,23.0,36705.0,50452.0,4.871,9.068,1.2,36196.0,35949.0,36368.0
2020.0,2.0,1.0,0.0,36967.0,50452.0,4.803,8.942,1.199,36705.0,36196.0,35949.0
2020.0,2.0,1.0,1.0,37199.0,50452.0,4.85,8.824,1.199,36967.0,36705.0,36196.0
2020.0,2.0,1.0,2.0,37262.0,50452.0,4.896,8.726,1.199,37199.0,36967.0,36705.0
2020.0,2.0,1.0,3.0,37303.0,50452.0,4.879,8.638,1.199,37262.0,37199.0,36967.0
2020.0,2.0,1.0,4.0,37006.0,50452.0,4.848,8.529,1.199,37303.0,37262.0,37199.0
2020.0,2.0,1.0,5.0,37533.0,50452.0,4.829,8.407,1.199,37006.0,37303.0,37262.0
2020.0,2.0,1.0,6.0,36745.0,50452.0,4.839,8.356,1.198,37533.0,37006.0,37303.0
2020.0,2.0,1.0,7.0,36013.0,50452.0,4.989,8.707,1.198,36745.0,37533.0,37006.0
2020.0,2.0,1.0,8.0,35359.0,50452.0,5.156,9.299,1.196,36013.0,36745.0,37533.0
2020.0,2.0,1.0,9.0,34962.0,50452.0,5.308,9.974,1.194,35359.0,36013.0,36745.0
2020.0,2.0,1.0,10.0,34597.0,50452.0,5.511,10.605,1.191,34962.0,35359.0,36013.0
2020.0,2.0,1.0,11.0,35235.0,50452.0,5.566,10.921,1.189,34597.0,34962.0,35359.0
2020.0,2.0,1.0,12.0,36331.0,50452.0,5.55,10.926,1.188,35235.0,34597.0,34962.0
2020.0,2.0,1.0,13.0,36975.0,50452.0,5.529,10.68,1.188,36331.0,35235.0,34597.0
2020.0,2.0,1.0,14.0,37332.0,50452.0,5.465,10.197,1.189,36975.0,36331.0,35235.0
2020.0,2.0,1.0,15.0,38225.0,50452.0,5.527,9.559,1.192,37332.0,36975.0,36331.0
2020.0,2.0,1.0,16.0,39409.0,50452.0,5.675,9.035,1.194,38225.0,37332.0,36975.0
2020.0,2.0,1.0,17.0,40769.0,50452.0,5.802,8.634,1.197,39409.0,38225.0,37332.0
2020.0,2.0,1.0,18.0,41942.0,50452.0,5.919,8.236,1.2,40769.0,39409.0,38225.0
2020.0,2.0,1.0,19.0,43112.0,50452.0,6.033,7.833,1.202,41942.0,40769.0,39409.0
2020.0,2.0,1.0,20.0,43186.0,50452.0,6.113,7.454,1.205,43112.0,41942.0,40769.0
2020.0,2.0,1.0,21.0,42323.0,50452.0,6.179,7.098,1.207,43186.0,43112.0,41942.0
2020.0,2.0,1.0,22.0,39480.0,50452.0,6.223,6.761,1.209,42323.0,43186.0,43112.0
2020.0,2.0,1.0,23.0,38834.0,50452.0,6.268,6.488,1.211,39480.0,42323.0,43186.0
2020.0,2.0,2.0,0.0,37671.0,50452.0,6.276,6.275,1.213,38834.0,39480.0,42323.0
2020.0,2.0,2.0,1.0,36628.0,50452.0,6.188,6.095,1.214,37671.0,38834.0,39480.0
2020.0,2.0,2.0,2.0,35592.0,50452.0,5.974,5.924,1.216,36628.0,37671.0,38834.0
2020.0,2.0,2.0,3.0,35245.0,50452.0,5.687,5.79,1.217,35592.0,36628.0,37671.0
2020.0,2.0,2.0,4.0,33710.0,50452.0,5.401,5.72,1.218,35245.0,35592.0,36628.0
2020.0,2.0,2.0,5.0,31268.0,50452.0,5.057,5.676,1.218,33710.0,35245.0,35592.0
2020.0,2.0,2.0,6.0,30042.0,50452.0,4.696,5.628,1.219,31268.0,33710.0,35245.0
2020.0,2.0,2.0,7.0,27057.0,50452.0,4.452,5.796,1.218,30042.0,31268.0,33710.0
2020.0,2.0,2.0,8.0,23845.0,50452.0,4.396,6.307,1.217,27057.0,30042.0,31268.0
2020.0,2.0,2.0,9.0,21337.0,50452.0,4.475,6.88,1.214,23845.0,27057.0,30042.0
2020.0,2.0,2.0,10.0,19089.0,50452.0,4.611,7.423,1.211,21337.0,23845.0,27057.0
2020.0,2.0,2.0,11.0,16763.0,50452.0,4.64,7.844,1.208,19089.0,21337.0,23845.0
2020.0,2.0,2.0,12.0,15199.0,50452.0,4.668,8.106,1.206,16763.0,19089.0,21337.0
2020.0,2.0,2.0,13.0,14335.0,50452.0,4.603,8.214,1.204,15199.0,16763.0,19089.0
2020.0,2.0,2.0,14.0,14561.0,50452.0,4.431,8.15,1.203,14335.0,15199.0,16763.0
2020.0,2.0,2.0,15.0,15563.0,50452.0,4.404,7.969,1.203,14561.0,14335.0,15199.0
2020.0,2.0,2.0,16.0,16175.0,50452.0,4.518,7.897,1.203,15563.0,14561.0,14335.0
2020.0,2.0,2.0,17.0,17245.0,50452.0,4.611,7.863,1.204,16175.0,15563.0,14561.0
2020.0,2.0,2.0,18.0,18414.0,50452.0,4.681,7.813,1.205,17245.0,16175.0,15563.0
2020.0,2.0,2.0,19.0,19776.0,50452.0,4.697,7.702,1.207,18414.0,17245.0,16175.0
2020.0,2.0,2.0,20.0,20885.0,50452.0,4.672,7.529,1.208,19776.0,18414.0,17245.0
2020.0,2.0,2.0,21.0,21838.0,50452.0,4.582,7.344,1.209,20885.0,19776.0,18414.0
2020.0,2.0,2.0,22.0,21765.0,50452.0,4.415,7.145,1.21,21838.0,20885.0,19776.0
2020.0,2.0,2.0,23.0,20877.0,50452.0,4.222,6.97,1.211,21765.0,21838.0,20885.0
2020.0,2.0,3.0,0.0,21637.0,50452.0,4.163,6.883,1.212,20877.0,21765.0,21838.0
2020.0,2.0,3.0,1.0,21774.0,50452.0,4.12,6.822,1.212,21637.0,20877.0,21765.0
2020.0,2.0,3.0,2.0,23288.0,50452.0,4.046,6.731,1.212,21774.0,21637.0,20877.0
2020.0,2.0,3.0,3.0,25092.0,50452.0,4.033,6.64,1.212,23288.0,21774.0,21637.0
2020.0,2.0,3.0,4.0,26121.0,50452.0,4.169,6.628,1.213,25092.0,23288.0,21774.0
2020.0,2.0,3.0,5.0,29073.0,50452.0,4.295,6.613,1.213,26121.0,25092.0,23288.0
2020.0,2.0,3.0,6.0,29951.0,50452.0,4.364,6.562,1.214,29073.0,26121.0,25092.0
2020.0,2.0,3.0,7.0,29428.0,50452.0,4.515,6.734,1.214,29951.0,29073.0,26121.0
2020.0,2.0,3.0,8.0,29584.0,50452.0,4.731,7.218,1.214,29428.0,29951.0,29073.0
2020.0,2.0,3.0,9.0,30663.0,50452.0,5.037,7.814,1.212,29584.0,29428.0,29951.0
2020.0,2.0,3.0,10.0,31287.0,50452.0,5.457,8.414,1.211,30663.0,29584.0,29428.0
2020.0,2.0,3.0,11.0,32087.0,50452.0,5.72,8.882,1.209,31287.0,30663.0,29584.0
2020.0,2.0,3.0,12.0,33039.0,50452.0,5.692,9.093,1.208,32087.0,31287.0,30663.0
2020.0,2.0,3.0,13.0,33668.0,50452.0,5.37,8.958,1.207,33039.0,32087.0,31287.0
2020.0,2.0,3.0,14.0,33480.0,50452.0,4.914,8.47,1.208,33668.0,33039.0,32087.0
2020.0,2.0,3.0,15.0,32551.0,50452.0,4.579,7.758,1.209,33480.0,33668.0,33039.0
2020.0,2.0,3.0,16.0,31504.0,50452.0,4.441,7.227,1.211,32551.0,33480.0,33668.0
2020.0,2.0,3.0,17.0,30614.0,50452.0,4.288,6.912,1.213,31504.0,32551.0,33480.0
2020.0,2.0,3.0,18.0,28759.0,50452.0,4.02,6.609,1.214,30614.0,31504.0,32551.0
2020.0,2.0,3.0,19.0,25431.0,50452.0,3.691,6.313,1.214,28759.0,30614.0,31504.0
2020.0,2.0,3.0,20.0,21973.0,50452.0,3.376,6.072,1.214,25431.0,28759.0,30614.0
2020.0,2.0,3.0,21.0,18828.0,50452.0,3.212,5.937,1.213,21973.0,25431.0,28759.0
2020.0,2.0,3.0,22.0,18502.0,50452.0,3.274,5.83,1.212,18828.0,21973.0,25431.0
2020.0,2.0,3.0,23.0,18483.0,50452.0,3.515,5.64,1.211,18502.0,18828.0,21973.0
2020.0,2.0,4.0,0.0,20309.0,50452.0,3.865,5.387,1.21,18483.0,18502.0,18828.0
2020.0,2.0,4.0,1.0,22437.0,50452.0,4.304,5.108,1.211,20309.0,18483.0,18502.0
2020.0,2.0,4.0,2.0,24162.0,50452.0,4.709,4.691,1.213,22437.0,20309.0,18483.0
2020.0,2.0,4.0,3.0,26764.0,50452.0,5.092,4.065,1.216,24162.0,22437.0,20309.0
2020.0,2.0,4.0,4.0,29356.0,50452.0,5.307,3.362,1.221,26764.0,24162.0,22437.0
2020.0,2.0,4.0,5.0,31586.0,50452.0,5.321,2.799,1.226,29356.0,26764.0,24162.0
2020.0,2.0,4.0,6.0,32366.0,50452.0,5.269,2.46,1.229,31586.0,29356.0,26764.0
2020.0,2.0,4.0,7.0,31879.0,50452.0,5.4,2.53,1.231,32366.0,31586.0,29356.0
2020.0,2.0,4.0,8.0,30923.0,50452.0,5.688,2.981,1.231,31879.0,32366.0,31586.0
2020.0,2.0,4.0,9.0,29838.0,50452.0,5.985,3.523,1.23,30923.0,31879.0,32366.0
2020.0,2.0,4.0,10.0,27818.0,50452.0,6.152,4.026,1.229,29838.0,30923.0,31879.0
2020.0,2.0,4.0,11.0,28040.0,50452.0,6.102,4.351,1.228,27818.0,29838.0,30923.0
2020.0,2.0,4.0,12.0,28697.0,50452.0,5.928,4.454,1.227,28040.0,27818.0,29838.0
2020.0,2.0,4.0,13.0,28642.0,50452.0,5.593,4.308,1.228,28697.0,28040.0,27818.0
2020.0,2.0,4.0,14.0,28016.0,50452.0,4.924,3.884,1.229,28642.0,28697.0,28040.0
2020.0,2.0,4.0,15.0,26550.0,50452.0,4.426,3.153,1.232,28016.0,28642.0,28697.0
2020.0,2.0,4.0,16.0,28294.0,50452.0,4.412,2.598,1.236,26550.0,28016.0,28642.0
2020.0,2.0,4.0,17.0,30542.0,50452.0,4.513,2.397,1.238,28294.0,26550.0,28016.0
2020.0,2.0,4.0,18.0,31297.0,50452.0,4.587,2.276,1.241,30542.0,28294.0,26550.0
2020.0,2.0,4.0,19.0,31987.0,50452.0,4.725,2.241,1.242,31297.0,30542.0,28294.0
2020.0,2.0,4.0,20.0,32803.0,50452.0,4.865,2.245,1.244,31987.0,31297.0,30542.0
2020.0,2.0,4.0,21.0,32991.0,50452.0,5.046,2.252,1.245,32803.0,31987.0,31297.0
2020.0,2.0,4.0,22.0,32186.0,50452.0,5.248,2.212,1.247,32991.0,32803.0,31987.0
2020.0,2.0,4.0,23.0,31530.0,50452.0,5.344,2.045,1.249,32186.0,32991.0,32803.0
2020.0,2.0,5.0,3.0,23531.0,50452.0,4.886,0.854,1.259,25934.0,28165.0,30051.0
2020.0,2.0,5.0,4.0,20857.0,50452.0,4.588,0.51,1.262,23531.0,25934.0,28165.0
2020.0,2.0,5.0,5.0,17918.0,50452.0,4.225,0.135,1.265,20857.0,23531.0,25934.0
2020.0,2.0,5.0,6.0,14344.0,50452.0,3.818,-0.247,1.268,17918.0,20857.0,23531.0
2020.0,2.0,5.0,7.0,11782.0,50452.0,3.728,0.036,1.27,14344.0,17918.0,20857.0
2020.0,2.0,5.0,8.0,8778.0,50452.0,3.831,1.02,1.27,11782.0,14344.0,17918.0
2020.0,2.0,5.0,9.0,6654.0,50452.0,3.759,2.147,1.267,8778.0,11782.0,14344.0
2020.0,2.0,5.0,10.0,5286.0,50452.0,3.601,3.177,1.264,6654.0,8778.0,11782.0
2020.0,2.0,5.0,11.0,4764.0,50452.0,3.548,3.979,1.261,5286.0,6654.0,8778.0
2020.0,2.0,5.0,12.0,6350.0,50452.0,3.527,4.436,1.259,4764.0,5286.0,6654.0
2020.0,2.0,5.0,13.0,8071.0,50452.0,3.416,4.467,1.258,6350.0,4764.0,5286.0
2020.0,2.0,5.0,14.0,9162.0,50452.0,2.801,3.892,1.258,8071.0,6350.0,4764.0
2020.0,2.0,5.0,15.0,10124.0,50452.0,1.706,1.729,1.259,9162.0,8071.0,6350.0
2020.0,2.0,5.0,16.0,12182.0,50452.0,1.766,0.219,1.261,10124.0,9162.0,8071.0
2020.0,2.0,5.0,17.0,14495.0,50452.0,1.943,0.082,1.264,12182.0,10124.0,9162.0
2020.0,2.0,5.0,18.0,16188.0,50452.0,2.076,0.05,1.265,14495.0,12182.0,10124.0
2020.0,2.0,5.0,19.0,17710.0,50452.0,2.175,-0.01,1.267,16188.0,14495.0,12182.0
2020.0,2.0,5.0,20.0,18882.0,50452.0,2.269,-0.114,1.267,17710.0,16188.0,14495.0
2020.0,2.0,5.0,21.0,18806.0,50452.0,2.312,-0.283,1.268,18882.0,17710.0,16188.0
2020.0,2.0,5.0,22.0,18867.0,50452.0,2.343,-0.467,1.269,18806.0,18882.0,17710.0
2020.0,2.0,5.0,23.0,18942.0,50452.0,2.395,-0.658,1.269,18867.0,18806.0,18882.0
2020.0,2.0,6.0,0.0,18745.0,50452.0,2.429,-0.903,1.27,18942.0,18867.0,18806.0
2020.0,2.0,6.0,1.0,18729.0,50452.0,2.527,-1.096,1.271,18745.0,18942.0,18867.0
2020.0,2.0,6.0,2.0,18783.0,50452.0,2.674,-1.155,1.271,18729.0,18745.0,18942.0
2020.0,2.0,6.0,3.0,19009.0,50452.0,2.794,-1.078,1.271,18783.0,18729.0,18745.0
2020.0,2.0,6.0,4.0,19118.0,50452.0,2.844,-1.027,1.27,19009.0,18783.0,18729.0
2020.0,2.0,6.0,5.0,18382.0,50452.0,2.834,-0.945,1.27,19118.0,19009.0,18783.0
2020.0,2.0,6.0,6.0,16366.0,50452.0,2.736,-0.855,1.27,18382.0,19118.0,19009.0
2020.0,2.0,6.0,7.0,13593.0,50452.0,2.905,0.081,1.269,16366.0,18382.0,19118.0
2020.0,2.0,6.0,8.0,11553.0,50452.0,3.014,1.497,1.266,13593.0,16366.0,18382.0
2020.0,2.0,6.0,9.0,10332.0,50452.0,2.996,3.107,1.26,11553.0,13593.0,16366.0
2020.0,2.0,6.0,10.0,9587.0,50452.0,3.108,4.325,1.255,10332.0,11553.0,13593.0
2020.0,2.0,6.0,11.0,9454.0,50452.0,3.142,5.071,1.251,9587.0,10332.0,11553.0
2020.0,2.0,6.0,12.0,9708.0,50452.0,3.072,5.448,1.249,9454.0,9587.0,10332.0
2020.0,2.0,6.0,13.0,10289.0,50452.0,2.905,5.397,1.248,9708.0,9454.0,9587.0
2020.0,2.0,6.0,14.0,10670.0,50452.0,2.427,4.813,1.248,10289.0,9708.0,9454.0
2020.0,2.0,6.0,15.0,10618.0,50452.0,1.926,3.126,1.249,10670.0,10289.0,9708.0
2020.0,2.0,6.0,16.0,10372.0,50452.0,2.048,1.948,1.251,10618.0,10670.0,10289.0
2020.0,2.0,6.0,17.0,10275.0,50452.0,2.083,1.603,1.253,10372.0,10618.0,10670.0
2020.0,2.0,6.0,18.0,9504.0,50452.0,2.01,1.31,1.255,10275.0,10372.0,10618.0
2020.0,2.0,6.0,19.0,8598.0,50452.0,1.9,1.041,1.256,9504.0,10275.0,10372.0
2020.0,2.0,6.0,20.0,7738.0,50452.0,1.789,0.818,1.258,8598.0,9504.0,10275.0
2020.0,2.0,6.0,21.0,6648.0,50452.0,1.721,0.694,1.259,7738.0,8598.0,9504.0
2020.0,2.0,6.0,22.0,5739.0,50452.0,1.671,0.559,1.259,6648.0,7738.0,8598.0
2020.0,2.0,6.0,23.0,5177.0,50452.0,1.647,0.4,1.26,5739.0,6648.0,7738.0
2020.0,2.0,7.0,0.0,4904.0,50452.0,1.593,0.216,1.261,5177.0,5739.0,6648.0
2020.0,2.0,7.0,1.0,4475.0,50452.0,1.536,0.075,1.262,4904.0,5177.0,5739.0
2020.0,2.0,7.0,2.0,3787.0,50452.0,1.464,-0.029,1.262,4475.0,4904.0,5177.0
2020.0,2.0,7.0,3.0,3223.0,50452.0,1.391,-0.119,1.263,3787.0,4475.0,4904.0
2020.0,2.0,7.0,4.0,3153.0,50452.0,1.301,-0.224,1.264,3223.0,3787.0,4475.0
2020.0,2.0,7.0,5.0,3197.0,50452.0,1.233,-0.332,1.265,3153.0,3223.0,3787.0
2020.0,2.0,7.0,6.0,3472.0,50452.0,1.219,-0.413,1.266,3197.0,3153.0,3223.0
2020.0,2.0,7.0,7.0,4087.0,50452.0,1.538,0.514,1.266,3472.0,3197.0,3153.0
2020.0,2.0,7.0,8.0,5002.0,50452.0,1.904,2.033,1.263,4087.0,3472.0,3197.0
2020.0,2.0,7.0,9.0,5882.0,50452.0,2.151,3.527,1.257,5002.0,4087.0,3472.0
2020.0,2.0,7.0,10.0,6427.0,50452.0,2.348,4.624,1.252,5882.0,5002.0,4087.0
2020.0,2.0,7.0,11.0,6016.0,50452.0,2.447,5.288,1.249,6427.0,5882.0,5002.0
2020.0,2.0,7.0,12.0,5867.0,50452.0,2.525,5.643,1.246,6016.0,6427.0,5882.0
2020.0,2.0,7.0,13.0,6772.0,50452.0,2.572,5.628,1.244,5867.0,6016.0,6427.0
2020.0,2.0,7.0,14.0,8188.0,50452.0,2.282,5.066,1.244,6772.0,5867.0,6016.0
2020.0,2.0,7.0,15.0,10327.0,50452.0,1.563,3.081,1.245,8188.0,6772.0,5867.0
2020.0,2.0,7.0,16.0,13304.0,50452.0,1.788,1.43,1.247,10327.0,8188.0,6772.0
2020.0,2.0,7.0,17.0,16781.0,50452.0,2.155,1.082,1.249,13304.0,10327.0,8188.0
2020.0,2.0,7.0,18.0,18965.0,50452.0,2.38,0.719,1.252,16781.0,13304.0,10327.0
2020.0,2.0,7.0,19.0,20454.0,50452.0,2.515,0.338,1.254,18965.0,16781.0,13304.0
2020.0,2.0,7.0,20.0,21687.0,50452.0,2.583,-0.034,1.256,20454.0,18965.0,16781.0
2020.0,2.0,7.0,21.0,21702.0,50452.0,2.642,-0.35,1.258,21687.0,20454.0,18965.0
2020.0,2.0,7.0,22.0,21869.0,50452.0,2.682,-0.608,1.259,21702.0,21687.0,20454.0
2020.0,2.0,7.0,23.0,21978.0,50452.0,2.711,-0.864,1.26,21869.0,21702.0,21687.0
2020.0,2.0,8.0,0.0,21608.0,50452.0,2.74,-1.084,1.261,21978.0,21869.0,21702.0
2020.0,2.0,8.0,1.0,21420.0,50452.0,2.789,-1.245,1.262,21608.0,21978.0,21869.0
2020.0,2.0,8.0,2.0,20973.0,50452.0,2.823,-1.354,1.263,21420.0,21608.0,21978.0
2020.0,2.0,8.0,3.0,20896.0,50452.0,2.894,-1.415,1.264,20973.0,21420.0,21608.0
2020.0,2.0,8.0,4.0,20593.0,50452.0,2.979,-1.451,1.265,20896.0,20973.0,21420.0
2020.0,2.0,8.0,5.0,21081.0,50452.0,3.07,-1.458,1.265,20593.0,20896.0,20973.0
2020.0,2.0,8.0,6.0,21100.0,50452.0,3.118,-1.407,1.266,21081.0,20593.0,20896.0
2020.0,2.0,8.0,7.0,20545.0,50452.0,3.416,-0.416,1.264,21100.0,21081.0,20593.0
2020.0,2.0,8.0,8.0,18749.0,50452.0,3.556,1.169,1.259,20545.0,21100.0,21081.0
2020.0,2.0,8.0,9.0,16000.0,50452.0,3.587,3.001,1.252,18749.0,20545.0,21100.0
2020.0,2.0,8.0,10.0,14236.0,50452.0,3.573,4.738,1.244,16000.0,18749.0,20545.0
2020.0,2.0,8.0,11.0,13136.0,50452.0,3.513,6.027,1.238,14236.0,16000.0,18749.0
2020.0,2.0,8.0,12.0,12470.0,50452.0,3.378,6.742,1.233,13136.0,14236.0,16000.0
2020.0,2.0,8.0,13.0,12247.0,50452.0,3.086,6.879,1.23,12470.0,13136.0,14236.0
2020.0,2.0,8.0,14.0,11956.0,50452.0,2.434,6.164,1.23,12247.0,12470.0,13136.0
2020.0,2.0,8.0,15.0,12726.0,50452.0,2.128,4.407,1.231,11956.0,12247.0,12470.0
2020.0,2.0,8.0,16.0,14958.0,50452.0,2.386,3.197,1.233,12726.0,11956.0,12247.0
2020.0,2.0,8.0,17.0,17288.0,50452.0,2.73,2.909,1.236,14958.0,12726.0,11956.0
2020.0,2.0,8.0,18.0,18915.0,50452.0,2.908,2.639,1.238,17288.0,14958.0,12726.0
2020.0,2.0,8.0,19.0,20675.0,50452.0,2.96,2.373,1.24,18915.0,17288.0,14958.0
2020.0,2.0,8.0,20.0,21871.0,50452.0,2.962,2.174,1.241,20675.0,18915.0,17288.0
2020.0,2.0,8.0,21.0,21891.0,50452.0,2.968,2.09,1.242,21871.0,20675.0,18915.0
2020.0,2.0,8.0,22.0,22434.0,50452.0,2.95,2.029,1.242,21891.0,21871.0,20675.0
2020.0,2.0,8.0,23.0,23446.0,50452.0,2.978,1.935,1.243,22434.0,21891.0,21871.0
2020.0,2.0,9.0,0.0,24328.0,50452.0,3.079,1.871,1.243,23446.0,22434.0,21891.0
2020.0,2.0,9.0,1.0,24906.0,50452.0,3.233,1.847,1.244,24328.0,23446.0,22434.0
2020.0,2.0,9.0,2.0,26553.0,50452.0,3.413,1.852,1.244,24906.0,24328.0,23446.0
2020.0,2.0,9.0,3.0,28329.0,50452.0,3.561,1.81,1.244,26553.0,24906.0,24328.0
2020.0,2.0,9.0,4.0,30879.0,50452.0,3.754,1.718,1.244,28329.0,26553.0,24906.0
2020.0,2.0,9.0,5.0,33826.0,50452.0,4.046,1.672,1.244,30879.0,28329.0,26553.0
2020.0,2.0,9.0,6.0,36743.0,50452.0,4.436,1.729,1.244,33826.0,30879.0,28329.0
2020.0,2.0,9.0,7.0,38434.0,50452.0,5.148,2.724,1.242,36743.0,33826.0,30879.0
2020.0,2.0,9.0,8.0,35512.0,50452.0,5.739,4.336,1.235,38434.0,36743.0,33826.0
2020.0,2.0,9.0,9.0,33597.0,50452.0,6.211,6.119,1.226,35512.0,38434.0,36743.0
2020.0,2.0,9.0,10.0,32993.0,50452.0,6.881,7.776,1.217,33597.0,35512.0,38434.0
2020.0,2.0,9.0,11.0,32679.0,50452.0,7.435,8.884,1.21,32993.0,33597.0,35512.0
2020.0,2.0,9.0,12.0,32897.0,50452.0,7.856,9.445,1.204,32679.0,32993.0,33597.0
2020.0,2.0,9.0,13.0,34716.0,50452.0,8.129,9.531,1.2,32897.0,32679.0,32993.0
2020.0,2.0,9.0,14.0,37828.0,50452.0,8.275,9.099,1.198,34716.0,32897.0,32679.0
2020.0,2.0,9.0,15.0,40036.0,50452.0,8.49,8.327,1.196,37828.0,34716.0,32897.0
2020.0,2.0,9.0,16.0,42440.0,50452.0,8.826,7.881,1.195,40036.0,37828.0,34716.0
2020.0,2.0,9.0,17.0,43077.0,50452.0,9.184,7.978,1.194,42440.0,40036.0,37828.0
2020.0,2.0,9.0,18.0,43527.0,50452.0,9.547,8.104,1.193,43077.0,42440.0,40036.0
2020.0,2.0,9.0,19.0,39090.0,50452.0,9.833,8.217,1.191,43527.0,43077.0,42440.0
2020.0,2.0,9.0,20.0,38347.0,50452.0,9.991,8.404,1.189,39090.0,43527.0,43077.0
2020.0,2.0,9.0,21.0,37685.0,50452.0,10.074,8.618,1.187,38347.0,39090.0,43527.0
2020.0,2.0,9.0,22.0,37045.0,50452.0,10.075,8.81,1.184,37685.0,38347.0,39090.0
2020.0,2.0,9.0,23.0,36925.0,50452.0,9.807,8.967,1.182,37045.0,37685.0,38347.0
2020.0,2.0,10.0,0.0,36534.0,50452.0,9.729,9.047,1.181,36925.0,37045.0,37685.0
2020.0,2.0,10.0,1.0,36797.0,50452.0,9.542,8.998,1.18,36534.0,36925.0,37045.0
2020.0,2.0,10.0,2.0,37114.0,50452.0,9.357,8.853,1.18,36797.0,36534.0,36925.0
2020.0,2.0,10.0,3.0,37795.0,50452.0,9.329,8.639,1.181,37114.0,36797.0,36534.0
2020.0,2.0,10.0,4.0,38230.0,50452.0,9.309,8.375,1.182,37795.0,37114.0,36797.0
2020.0,2.0,10.0,5.0,41849.0,50452.0,9.205,8.107,1.184,38230.0,37795.0,37114.0
2020.0,2.0,10.0,6.0,41840.0,50452.0,9.122,7.82,1.186,41849.0,38230.0,37795.0
2020.0,2.0,10.0,7.0,41235.0,50452.0,9.133,7.599,1.189,41840.0,41849.0,38230.0
2020.0,2.0,10.0,8.0,41272.0,50452.0,9.376,7.516,1.192,41235.0,41840.0,41849.0
2020.0,2.0,10.0,9.0,41649.0,50452.0,9.645,7.478,1.194,41272.0,41235.0,41840.0
2020.0,2.0,10.0,10.0,42292.0,50452.0,9.906,7.414,1.197,41649.0,41272.0,41235.0
2020.0,2.0,10.0,11.0,42294.0,50452.0,10.03,7.277,1.199,42292.0,41649.0,41272.0
2020.0,2.0,10.0,12.0,42398.0,50452.0,9.904,7.082,1.201,42294.0,42292.0,41649.0
2020.0,2.0,10.0,13.0,43024.0,50452.0,9.462,6.785,1.202,42398.0,42294.0,42292.0
2020.0,2.0,10.0,14.0,43047.0,50452.0,8.774,6.334,1.204,43024.0,42398.0,42294.0
2020.0,2.0,10.0,15.0,42475.0,50452.0,7.957,5.744,1.205,43047.0,43024.0,42398.0
2020.0,2.0,10.0,16.0,42171.0,50452.0,7.272,5.2,1.207,42475.0,43047.0,43024.0
2020.0,2.0,10.0,17.0,41122.0,50452.0,6.88,4.904,1.208,42171.0,42475.0,43047.0
2020.0,2.0,10.0,18.0,39595.0,50452.0,6.696,4.708,1.207,41122.0,42171.0,42475.0
2020.0,2.0,10.0,19.0,39385.0,50452.0,6.743,4.645,1.206,39595.0,41122.0,42171.0
2020.0,2.0,10.0,20.0,39057.0,50452.0,6.993,4.719,1.205,39385.0,39595.0,41122.0
2020.0,2.0,10.0,21.0,38103.0,50452.0,7.341,4.856,1.203,39057.0,39385.0,39595.0
2020.0,2.0,10.0,22.0,39540.0,50452.0,7.557,4.867,1.203,38103.0,39057.0,39385.0
2020.0,2.0,10.0,23.0,40322.0,50452.0,7.913,4.71,1.203,39540.0,38103.0,39057.0
2020.0,2.0,11.0,0.0,41520.0,50452.0,8.097,4.383,1.205,40322.0,39540.0,38103.0
2020.0,2.0,11.0,1.0,42629.0,50452.0,8.216,3.933,1.209,41520.0,40322.0,39540.0
2020.0,2.0,11.0,2.0,43344.0,50452.0,8.362,3.446,1.212,42629.0,41520.0,40322.0
2020.0,2.0,11.0,3.0,43265.0,50452.0,8.308,3.049,1.215,43344.0,42629.0,41520.0
2020.0,2.0,11.0,4.0,43132.0,50452.0,8.219,2.82,1.217,43265.0,43344.0,42629.0
2020.0,2.0,11.0,5.0,44640.0,50452.0,8.179,2.711,1.218,43132.0,43265.0,43344.0
2020.0,2.0,11.0,6.0,44341.0,50452.0,8.165,2.684,1.219,44640.0,43132.0,43265.0
2020.0,2.0,11.0,7.0,43724.0,50452.0,8.3,3.029,1.219,44341.0,44640.0,43132.0
2020.0,2.0,11.0,8.0,43489.0,50452.0,8.637,3.754,1.218,43724.0,44341.0,44640.0
2020.0,2.0,11.0,9.0,43478.0,50452.0,9.022,4.446,1.216,43489.0,43724.0,44341.0
2020.0,2.0,11.0,10.0,43662.0,50452.0,9.243,4.922,1.215,43478.0,43489.0,43724.0
2020.0,2.0,11.0,11.0,43616.0,50452.0,9.282,5.175,1.214,43662.0,43478.0,43489.0
2020.0,2.0,11.0,12.0,43626.0,50452.0,9.14,5.194,1.213,43616.0,43662.0,43478.0
2020.0,2.0,11.0,13.0,44316.0,50452.0,8.708,4.979,1.214,43626.0,43616.0,43662.0
2020.0,2.0,11.0,14.0,44223.0,50452.0,8.157,4.512,1.216,44316.0,43626.0,43616.0
2020.0,2.0,11.0,15.0,43901.0,50452.0,7.757,3.854,1.218,44223.0,44316.0,43626.0
2020.0,2.0,11.0,16.0,43763.0,50452.0,7.502,3.264,1.221,43901.0,44223.0,44316.0
2020.0,2.0,11.0,17.0,43422.0,50452.0,7.379,2.935,1.224,43763.0,43901.0,44223.0
2020.0,2.0,11.0,18.0,43196.0,50452.0,7.279,2.657,1.226,43422.0,43763.0,43901.0
2020.0,2.0,11.0,19.0,42824.0,50452.0,7.213,2.405,1.228,43196.0,43422.0,43763.0
2020.0,2.0,11.0,20.0,42254.0,50452.0,7.229,2.202,1.23,42824.0,43196.0,43422.0
2020.0,2.0,11.0,21.0,40245.0,50452.0,7.229,2.04,1.231,42254.0,42824.0,43196.0
2020.0,2.0,11.0,22.0,40383.0,50452.0,7.164,1.872,1.233,40245.0,42254.0,42824.0
2020.0,2.0,11.0,23.0,41092.0,50452.0,7.048,1.686,1.234,40383.0,40245.0,42254.0
2020.0,2.0,12.0,3.0,41254.0,50452.0,6.903,1.328,1.237,40973.0,40726.0,40987.0
2020.0,2.0,12.0,4.0,41299.0,50452.0,6.934,1.369,1.237,41254.0,40973.0,40726.0
2020.0,2.0,12.0,5.0,41694.0,50452.0,6.983,1.406,1.237,41299.0,41254.0,40973.0
2020.0,2.0,12.0,6.0,41495.0,50452.0,7.043,1.479,1.237,41694.0,41299.0,41254.0
2020.0,2.0,12.0,7.0,41835.0,50452.0,7.221,1.912,1.237,41495.0,41694.0,41299.0
2020.0,2.0,12.0,8.0,41821.0,50452.0,7.548,2.646,1.235,41835.0,41495.0,41694.0
2020.0,2.0,12.0,9.0,41287.0,50452.0,7.973,3.37,1.233,41821.0,41835.0,41495.0
2020.0,2.0,12.0,10.0,41357.0,50452.0,8.124,3.931,1.231,41287.0,41821.0,41835.0
2020.0,2.0,12.0,11.0,41311.0,50452.0,8.04,4.286,1.23,41357.0,41287.0,41821.0
2020.0,2.0,12.0,12.0,40946.0,50452.0,7.784,4.455,1.229,41311.0,41357.0,41287.0
2020.0,2.0,12.0,13.0,40195.0,50452.0,7.332,4.403,1.229,40946.0,41311.0,41357.0
2020.0,2.0,12.0,14.0,39785.0,50452.0,6.69,4.094,1.23,40195.0,40946.0,41311.0
2020.0,2.0,12.0,15.0,38261.0,50452.0,6.068,3.475,1.232,39785.0,40195.0,40946.0
2020.0,2.0,12.0,16.0,38486.0,50452.0,5.692,2.824,1.234,38261.0,39785.0,40195.0
2020.0,2.0,12.0,17.0,37786.0,50452.0,5.524,2.497,1.237,38486.0,38261.0,39785.0
2020.0,2.0,12.0,18.0,37446.0,50452.0,5.347,2.225,1.239,37786.0,38486.0,38261.0
2020.0,2.0,12.0,19.0,37270.0,50452.0,5.151,1.972,1.241,37446.0,37786.0,38486.0
2020.0,2.0,12.0,20.0,36530.0,50452.0,4.962,1.734,1.242,37270.0,37446.0,37786.0
2020.0,2.0,12.0,21.0,34632.0,50452.0,4.722,1.497,1.244,36530.0,37270.0,37446.0
2020.0,2.0,12.0,22.0,33797.0,50452.0,4.458,1.264,1.245,34632.0,36530.0,37270.0
2020.0,2.0,12.0,23.0,32507.0,50452.0,4.24,1.055,1.245,33797.0,34632.0,36530.0
2020.0,2.0,13.0,0.0,31112.0,50452.0,4.082,0.855,1.246,32507.0,33797.0,34632.0
2020.0,2.0,13.0,1.0,29513.0,50452.0,3.904,0.634,1.247,31112.0,32507.0,33797.0
2020.0,2.0,13.0,2.0,27484.0,50452.0,3.737,0.408,1.248,29513.0,31112.0,32507.0
2020.0,2.0,13.0,3.0,24785.0,50452.0,3.49,0.165,1.248,27484.0,29513.0,31112.0
2020.0,2.0,13.0,4.0,22679.0,50452.0,3.281,-0.113,1.249,24785.0,27484.0,29513.0
2020.0,2.0,13.0,5.0,21627.0,50452.0,3.249,-0.284,1.249,22679.0,24785.0,27484.0
2020.0,2.0,13.0,6.0,22167.0,50452.0,3.391,-0.282,1.249,21627.0,22679.0,24785.0
2020.0,2.0,13.0,7.0,22592.0,50452.0,3.952,0.614,1.247,22167.0,21627.0,22679.0
2020.0,2.0,13.0,8.0,23638.0,50452.0,4.371,1.879,1.242,22592.0,22167.0,21627.0
2020.0,2.0,13.0,9.0,25077.0,50452.0,4.747,3.262,1.235,23638.0,22592.0,22167.0
2020.0,2.0,13.0,10.0,26467.0,50452.0,5.138,4.365,1.228,25077.0,23638.0,22592.0
2020.0,2.0,13.0,11.0,28715.0,50452.0,5.449,4.955,1.223,26467.0,25077.0,23638.0
2020.0,2.0,13.0,12.0,30468.0,50452.0,5.562,5.14,1.219,28715.0,26467.0,25077.0
2020.0,2.0,13.0,13.0,31291.0,50452.0,5.425,4.954,1.217,30468.0,28715.0,26467.0
2020.0,2.0,13.0,14.0,31008.0,50452.0,5.113,4.481,1.217,31291.0,30468.0,28715.0
2020.0,2.0,13.0,15.0,29320.0,50452.0,4.948,3.981,1.217,31008.0,31291.0,30468.0
2020.0,2.0,13.0,16.0,27087.0,50452.0,4.766,3.639,1.218,29320.0,31008.0,31291.0
2020.0,2.0,13.0,17.0,24401.0,50452.0,4.626,3.498,1.218,27087.0,29320.0,31008.0
2020.0,2.0,13.0,18.0,21647.0,50452.0,4.462,3.404,1.219,24401.0,27087.0,29320.0
2020.0,2.0,13.0,19.0,18260.0,50452.0,4.238,3.305,1.219,21647.0,24401.0,27087.0
2020.0,2.0,13.0,20.0,15361.0,50452.0,4.048,3.237,1.22,18260.0,21647.0,24401.0
2020.0,2.0,13.0,21.0,13804.0,50452.0,3.913,3.197,1.22,15361.0,18260.0,21647.0
2020.0,2.0,13.0,22.0,13116.0,50452.0,3.733,3.18,1.221,13804.0,15361.0,18260.0
2020.0,2.0,13.0,23.0,12604.0,50452.0,3.587,3.168,1.222,13116.0,13804.0,15361.0
2020.0,2.0,14.0,0.0,12709.0,50452.0,3.503,3.157,1.223,12604.0,13116.0,13804.0
2020.0,2.0,14.0,1.0,13166.0,50452.0,3.488,3.158,1.224,12709.0,12604.0,13116.0
2020.0,2.0,14.0,2.0,13021.0,50452.0,3.453,3.132,1.226,13166.0,12709.0,12604.0
2020.0,2.0,14.0,3.0,13159.0,50452.0,3.378,3.08,1.228,13021.0,13166.0,12709.0
2020.0,2.0,14.0,4.0,12969.0,50452.0,3.239,2.983,1.23,13159.0,13021.0,13166.0
2020.0,2.0,14.0,5.0,12837.0,50452.0,3.129,2.873,1.232,12969.0,13159.0,13021.0
2020.0,2.0,14.0,6.0,11758.0,50452.0,3.115,2.832,1.234,12837.0,12969.0,13159.0
2020.0,2.0,14.0,7.0,10397.0,50452.0,3.359,3.269,1.236,11758.0,12837.0,12969.0
2020.0,2.0,14.0,8.0,9475.0,50452.0,3.663,3.927,1.236,10397.0,11758.0,12837.0
2020.0,2.0,14.0,9.0,9042.0,50452.0,3.976,4.67,1.235,9475.0,10397.0,11758.0
2020.0,2.0,14.0,10.0,9007.0,50452.0,4.144,5.448,1.234,9042.0,9475.0,10397.0
2020.0,2.0,14.0,11.0,9071.0,50452.0,4.177,6.145,1.232,9007.0,9042.0,9475.0
2020.0,2.0,14.0,12.0,8896.0,50452.0,4.059,6.572,1.231,9071.0,9007.0,9042.0
2020.0,2.0,14.0,13.0,8548.0,50452.0,3.763,6.664,1.23,8896.0,9071.0,9007.0
2020.0,2.0,14.0,14.0,8137.0,50452.0,3.056,6.35,1.231,8548.0,8896.0,9071.0
2020.0,2.0,14.0,15.0,8185.0,50452.0,1.771,5.208,1.233,8137.0,8548.0,8896.0
2020.0,2.0,14.0,16.0,8607.0,50452.0,1.393,3.609,1.235,8185.0,8137.0,8548.0
2020.0,2.0,14.0,17.0,9997.0,50452.0,1.431,3.04,1.237,8607.0,8185.0,8137.0
2020.0,2.0,14.0,18.0,11690.0,50452.0,1.509,2.649,1.24,9997.0,8607.0,8185.0
2020.0,2.0,14.0,19.0,13363.0,50452.0,1.632,2.216,1.242,11690.0,9997.0,8607.0
2020.0,2.0,14.0,20.0,15137.0,50452.0,1.789,1.809,1.243,13363.0,11690.0,9997.0
2020.0,2.0,14.0,21.0,16647.0,50452.0,1.923,1.509,1.245,15137.0,13363.0,11690.0
2020.0,2.0,14.0,22.0,18295.0,50452.0,2.078,1.459,1.246,16647.0,15137.0,13363.0
2020.0,2.0,14.0,23.0,19489.0,50452.0,2.237,1.507,1.247,18295.0,16647.0,15137.0
2020.0,2.0,15.0,0.0,20388.0,50452.0,2.382,1.549,1.247,19489.0,18295.0,16647.0
2020.0,2.0,15.0,1.0,21181.0,50452.0,2.545,1.631,1.248,20388.0,19489.0,18295.0
2020.0,2.0,15.0,2.0,22299.0,50452.0,2.734,1.72,1.248,21181.0,20388.0,19489.0
2020.0,2.0,15.0,3.0,23595.0,50452.0,2.903,1.727,1.249,22299.0,21181.0,20388.0
2020.0,2.0,15.0,4.0,24332.0,50452.0,3.064,1.705,1.249,23595.0,22299.0,21181.0
2020.0,2.0,15.0,5.0,25492.0,50452.0,3.164,1.694,1.25,24332.0,23595.0,22299.0
2020.0,2.0,15.0,6.0,26025.0,50452.0,3.305,1.822,1.25,25492.0,24332.0,23595.0
2020.0,2.0,15.0,7.0,25984.0,50452.0,3.596,2.637,1.249,26025.0,25492.0,24332.0
2020.0,2.0,15.0,8.0,25503.0,50452.0,3.779,3.812,1.245,25984.0,26025.0,25492.0
2020.0,2.0,15.0,9.0,24955.0,50452.0,3.982,5.249,1.239,25503.0,25984.0,26025.0
2020.0,2.0,15.0,10.0,24109.0,50452.0,4.428,6.879,1.232,24955.0,25503.0,25984.0
2020.0,2.0,15.0,11.0,24578.0,50452.0,4.649,8.099,1.226,24109.0,24955.0,25503.0
2020.0,2.0,15.0,12.0,25378.0,50452.0,4.686,8.814,1.221,24578.0,24109.0,24955.0
2020.0,2.0,15.0,13.0,25651.0,50452.0,4.575,9.071,1.218,25378.0,24578.0,24109.0
2020.0,2.0,15.0,14.0,25731.0,50452.0,4.199,8.772,1.217,25651.0,25378.0,24578.0
2020.0,2.0,15.0,15.0,26113.0,50452.0,3.555,7.465,1.217,25731.0,25651.0,25378.0
2020.0,2.0,15.0,16.0,29669.0,50452.0,3.524,5.649,1.219,26113.0,25731.0,25651.0
2020.0,2.0,15.0,17.0,33925.0,50452.0,3.874,4.965,1.222,29669.0,26113.0,25731.0
2020.0,2.0,15.0,18.0,37179.0,50452.0,4.229,4.623,1.224,33925.0,29669.0,26113.0
2020.0,2.0,15.0,19.0,38715.0,50452.0,4.54,4.485,1.225,37179.0,33925.0,29669.0
2020.0,2.0,15.0,20.0,39893.0,50452.0,4.763,4.464,1.226,38715.0,37179.0,33925.0
2020.0,2.0,15.0,21.0,39406.0,50452.0,4.932,4.6,1.225,39893.0,38715.0,37179.0
2020.0,2.0,15.0,22.0,39531.0,50452.0,5.051,4.836,1.224,39406.0,39893.0,38715.0
2020.0,2.0,15.0,23.0,35245.0,50452.0,5.172,5.106,1.223,39531.0,39406.0,39893.0
2020.0,2.0,16.0,0.0,34283.0,50452.0,5.29,5.331,1.221,35245.0,39531.0,39406.0
2020.0,2.0,16.0,1.0,35341.0,50452.0,5.398,5.514,1.219,34283.0,35245.0,39531.0
2020.0,2.0,16.0,2.0,35948.0,50452.0,5.424,5.623,1.218,35341.0,34283.0,35245.0
2020.0,2.0,16.0,3.0,35594.0,50452.0,5.438,5.759,1.216,35948.0,35341.0,34283.0
2020.0,2.0,16.0,4.0,35006.0,50452.0,5.52,5.927,1.215,35594.0,35948.0,35341.0
2020.0,2.0,16.0,5.0,36012.0,50452.0,5.66,6.097,1.214,35006.0,35594.0,35948.0
2020.0,2.0,16.0,6.0,37122.0,50452.0,5.899,6.369,1.213,36012.0,35006.0,35594.0
2020.0,2.0,16.0,7.0,38836.0,50452.0,6.305,7.261,1.211,37122.0,36012.0,35006.0
2020.0,2.0,16.0,8.0,39988.0,50452.0,6.643,8.285,1.208,38836.0,37122.0,36012.0
2020.0,2.0,16.0,9.0,39990.0,50452.0,6.92,9.303,1.204,39988.0,38836.0,37122.0
2020.0,2.0,16.0,10.0,40456.0,50452.0,7.152,10.287,1.199,39990.0,39988.0,38836.0
2020.0,2.0,16.0,11.0,39609.0,50452.0,7.314,11.161,1.194,40456.0,39990.0,39988.0
2020.0,2.0,16.0,12.0,38492.0,50452.0,7.389,11.847,1.189,39609.0,40456.0,39990.0
2020.0,2.0,16.0,13.0,38087.0,50452.0,7.371,12.171,1.186,38492.0,39609.0,40456.0
2020.0,2.0,16.0,14.0,38320.0,50452.0,7.369,12.103,1.185,38087.0,38492.0,39609.0
2020.0,2.0,16.0,15.0,39493.0,50452.0,7.398,11.702,1.184,38320.0,38087.0,38492.0
2020.0,2.0,16.0,16.0,40968.0,50452.0,7.444,11.166,1.184,39493.0,38320.0,38087.0
2020.0,2.0,16.0,17.0,42975.0,50452.0,7.554,10.977,1.185,40968.0,39493.0,38320.0
2020.0,2.0,16.0,18.0,42862.0,50452.0,7.525,10.841,1.186,42975.0,40968.0,39493.0
2020.0,2.0,16.0,19.0,42181.0,50452.0,7.439,10.64,1.187,42862.0,42975.0,40968.0
2020.0,2.0,16.0,20.0,42152.0,50452.0,7.238,10.361,1.189,42181.0,42862.0,42975.0
2020.0,2.0,16.0,21.0,43172.0,50452.0,7.053,9.965,1.192,42152.0,42181.0,42862.0
2020.0,2.0,16.0,22.0,40342.0,50452.0,6.829,9.498,1.195,43172.0,42152.0,42181.0
2020.0,2.0,16.0,23.0,38757.0,50452.0,6.622,9.071,1.198,40342.0,43172.0,42152.0
2020.0,2.0,17.0,0.0,37509.0,50452.0,6.442,8.654,1.201,38757.0,40342.0,43172.0
2020.0,2.0,17.0,1.0,36436.0,50452.0,6.238,8.229,1.204,37509.0,38757.0,40342.0
2020.0,2.0,17.0,2.0,36365.0,50452.0,5.988,7.792,1.207,36436.0,37509.0,38757.0
2020.0,2.0,17.0,3.0,35622.0,50452.0,5.747,7.371,1.21,36365.0,36436.0,37509.0
2020.0,2.0,17.0,4.0,38066.0,50452.0,5.471,6.96,1.212,35622.0,36365.0,36436.0
2020.0,2.0,17.0,5.0,39057.0,50452.0,5.195,6.558,1.215,38066.0,35622.0,36365.0
2020.0,2.0,17.0,6.0,36225.0,50452.0,4.981,6.295,1.217,39057.0,38066.0,35622.0
2020.0,2.0,17.0,7.0,33662.0,50452.0,5.067,6.741,1.218,36225.0,39057.0,38066.0
2020.0,2.0,17.0,8.0,32679.0,50452.0,5.307,7.456,1.217,33662.0,36225.0,39057.0
2020.0,2.0,17.0,9.0,32748.0,50452.0,5.553,8.11,1.216,32679.0,33662.0,36225.0
2020.0,2.0,17.0,10.0,33263.0,50452.0,5.644,8.593,1.215,32748.0,32679.0,33662.0
2020.0,2.0,17.0,11.0,33759.0,50452.0,5.649,8.854,1.213,33263.0,32748.0,32679.0
2020.0,2.0,17.0,12.0,34514.0,50452.0,5.604,8.874,1.213,33759.0,33263.0,32748.0
2020.0,2.0,17.0,13.0,34600.0,50452.0,5.45,8.67,1.213,34514.0,33759.0,33263.0
2020.0,2.0,17.0,14.0,33862.0,50452.0,5.165,8.198,1.214,34600.0,34514.0,33759.0
2020.0,2.0,17.0,15.0,33196.0,50452.0,4.758,7.384,1.215,33862.0,34600.0,34514.0
2020.0,2.0,17.0,16.0,34362.0,50452.0,4.513,6.418,1.218,33196.0,33862.0,34600.0
2020.0,2.0,17.0,17.0,35223.0,50452.0,4.583,5.875,1.221,34362.0,33196.0,33862.0
2020.0,2.0,17.0,18.0,36314.0,50452.0,4.67,5.484,1.224,35223.0,34362.0,33196.0
2020.0,2.0,17.0,19.0,37327.0,50452.0,4.765,5.171,1.226,36314.0,35223.0,34362.0
2020.0,2.0,17.0,20.0,37951.0,50452.0,4.879,4.946,1.228,37327.0,36314.0,35223.0
2020.0,2.0,17.0,21.0,37528.0,50452.0,4.932,4.772,1.229,37951.0,37327.0,36314.0
2020.0,2.0,17.0,22.0,37651.0,50452.0,5.062,4.657,1.23,37528.0,37951.0,37327.0
2020.0,2.0,17.0,23.0,37503.0,50452.0,5.226,4.63,1.231,37651.0,37528.0,37951.0
2020.0,2.0,18.0,0.0,38415.0,50452.0,5.285,4.609,1.231,37503.0,37651.0,37528.0
2020.0,2.0,18.0,1.0,38707.0,50452.0,5.353,4.566,1.232,38415.0,37503.0,37651.0
2020.0,2.0,18.0,2.0,38720.0,50452.0,5.397,4.492,1.233,38707.0,38415.0,37503.0
2020.0,2.0,18.0,3.0,39018.0,50452.0,5.428,4.372,1.234,38720.0,38707.0,38415.0
2020.0,2.0,18.0,4.0,38560.0,50452.0,5.479,4.204,1.236,39018.0,38720.0,38707.0
2020.0,2.0,18.0,5.0,39305.0,50452.0,5.518,3.99,1.237,38560.0,39018.0,38720.0
2020.0,2.0,18.0,6.0,40115.0,50452.0,5.628,3.837,1.239,39305.0,38560.0,39018.0
2020.0,2.0,18.0,7.0,40231.0,50452.0,5.898,4.187,1.24,40115.0,39305.0,38560.0
2020.0,2.0,18.0,8.0,40443.0,50452.0,6.462,4.87,1.239,40231.0,40115.0,39305.0
2020.0,2.0,18.0,9.0,40877.0,50452.0,6.999,5.729,1.237,40443.0,40231.0,40115.0
2020.0,2.0,18.0,10.0,40471.0,50452.0,7.168,6.476,1.235,40877.0,40443.0,40231.0
2020.0,2.0,18.0,11.0,40005.0,50452.0,7.124,6.953,1.233,40471.0,40877.0,40443.0
2020.0,2.0,18.0,12.0,39494.0,50452.0,6.954,7.161,1.231,40005.0,40471.0,40877.0
2020.0,2.0,18.0,13.0,38218.0,50452.0,6.619,7.105,1.23,39494.0,40005.0,40471.0
2020.0,2.0,18.0,14.0,36607.0,50452.0,5.982,6.709,1.23,38218.0,39494.0,40005.0
2020.0,2.0,18.0,15.0,35329.0,50452.0,5.036,5.814,1.231,36607.0,38218.0,39494.0
2020.0,2.0,18.0,16.0,35326.0,50452.0,4.506,4.602,1.234,35329.0,36607.0,38218.0
2020.0,2.0,18.0,17.0,35739.0,50452.0,4.565,4.074,1.236,35326.0,35329.0,36607.0
2020.0,2.0,18.0,18.0,37022.0,50452.0,4.587,3.716,1.238,35739.0,35326.0,35329.0
2020.0,2.0,18.0,19.0,38224.0,50452.0,4.507,3.367,1.239,37022.0,35739.0,35326.0
2020.0,2.0,18.0,20.0,38977.0,50452.0,4.557,3.103,1.24,38224.0,37022.0,35739.0
2020.0,2.0,18.0,21.0,38482.0,50452.0,4.682,2.97,1.24,38977.0,38224.0,37022.0
2020.0,2.0,18.0,22.0,38411.0,50452.0,4.805,2.904,1.24,38482.0,38977.0,38224.0
2020.0,2.0,18.0,23.0,37929.0,50452.0,4.94,2.875,1.239,38411.0,38482.0,38977.0
